"180376","3205 34th Street Drive NE, Hickory, NC, 28601","Match","Exact","3205 34TH STREET DR NE, HICKORY, NC, 28601","-81.267601318381,35.770972667333","45955320","L"
"410569","402 Laurel Street, Greensboro, NC, 27411","Match","Non_Exact","402 LAUREL ST, GREENSBORO, NC, 27401","-79.773580236743,36.07756863852","131075045","R"
"970388","6598 Boone Trail, Millers Creek, NC, 28651","Match","Exact","6598 BOONE TRL, MILLERS CREEK, NC, 28651","-81.260196553483,36.183694582235","611370114","L"
"730352","1010 Ridge Rd, Roxboro, NC, 27573","Match","Exact","1010 RIDGE RD, ROXBORO, NC, 27573","-78.983079681793,36.410342401194","77202935","R"
"260374","1429 Skibo Road, Fayetteville, NC, 28303","Match","Exact","1429 SKIBO RD, FAYETTEVILLE, NC, 28303","-78.95333741454,35.083120862889","64214895","R"
"330328","7589 NC 33-NW, Tarboro, NC, 27886","Match","Exact","7589 STATE HWY 33 NW, TARBORO, NC, 27886","-77.580745921011,35.990358542806","90178154","L"
"182316","338 W 15th Street, Newton, NC, 28658","Match","Exact","338 W 15TH ST, NEWTON, NC, 28658","-81.223746563324,35.677495251422","45909429","R"
"480318","1430 Main Street, Swan Quarter, NC, 27885","Match","Non_Exact","1430 MAIN ST, SWANQUARTER, NC, 27885","-76.3160660972,35.422185884926","68016466","R"
"422310","100 College Dr, Weldon, NC, 27890","Match","Exact","100 COLLEGE DR, WELDON, NC, 27890","-77.61970080533,36.430857683834","635209771","R"
"090330","5600 NC Hwy 87 East, Elizabethtown, NC, 28337","Match","Exact","5600 STATE HWY 87 E, ELIZABETHTOWN, NC, 28337","-78.531581049768,34.58151821996","63883129","L"
"330326","2009 West Wilson St, Tarboro, NC, 27886","Match","Exact","2009 W WILSON ST, TARBORO, NC, 27886","-77.573219788806,35.880939528641","640080588","R"
"900393","2825 Crane Road, Waxhaw, NC, 28173","Match","Exact","2825 CRANE RD, WAXHAW, NC, 28173","-80.797141564654,34.974293004867","14172005","R"
"421336","844 Hamilton St, Roanoke Rapids, NC, 27870","Match","Exact","844 HAMILTON ST, ROANOKE RAPIDS, NC, 27870","-77.654617822491,36.458305358614","56712215","R"
"960335","700 N. Herman St., Goldsboro, NC, 27530","Match","Exact","700 N HERMAN ST, GOLDSBORO, NC, 27530","-77.981207694355,35.385962579922","14403713","R"
"490354","474 N Center St, Statesville, NC, 28677","Match","Exact","474 N CENTER ST, STATESVILLE, NC, 28677","-80.89218175934,35.791264984939","45984883","R"
"250321","104 Middle School Lane, Havelock, NC, 28532","No_Match"
"340364","2500 W Mountain Street, Kernersville, NC, 27284","Match","Exact","2500 W MOUNTAIN ST, KERNERSVILLE, NC, 27284","-80.150866109604,36.12136516323","638792965","L"
"340486","1600 Brewer Road, Winston Salem, NC, 27127","Match","Exact","1600 BREWER RD, WINSTON SALEM, NC, 27127","-80.256917059279,36.055023834876","655926360","L"
"970390","1179 Moravian Falls Rd, Wilkesboro, NC, 28697","Match","Exact","1179 MORAVIAN FALLS RD, WILKESBORO, NC, 28697","-81.180379736157,36.109998652039","656557804","R"
"340362","2100 Silas Creek Prky, Winston Salem, NC, 27103","Match","Non_Exact","2100 SILAS CREEK PKWY SW, WINSTON SALEM, NC, 27103","-80.268480040888,36.069719359513","647228564","L"
"970393","1328 S Collegiate Dr, Wilkesboro, NC, 28697","Match","Exact","1328 S COLLEGIATE DR, WILKESBORO, NC, 28697","-81.181980622937,36.135253648995","611367628","L"
"100334","280 Cougar Drive BSL, Southport, NC, 28461","Match","Non_Exact","280 COUGAR RD, SOUTHPORT, NC, 28461","-78.050815025773,34.008789934591","153132871","R"
"995330","333 Mtn Heritage HS Road, Burnsville, NC, 28714","No_Match"
"340488","890 E 11th Street, Winston Salem, NC, 27101","Match","Exact","890 E 11TH ST, WINSTON SALEM, NC, 27101","-80.234546594351,36.107990854615","635547220","R"
"560320","100 Panther Drive, Franklin, NC, 28734","Match","Exact","100 PANTHER DR, FRANKLIN, NC, 28734","-83.380058166101,35.176612883232","35498457","L"
"650342","4305 Shipyard Blvd, Wilmington, NC, 28403","No_Match"
"420380","100 College Drive, Weldon, NC, 27890","Match","Exact","100 COLLEGE DR, WELDON, NC, 27890","-77.61970080533,36.430857683834","635209771","R"
"560329","77 Siler Farm Road, Franklin, NC, 28734","Match","Exact","77 SILER FARM RD, FRANKLIN, NC, 28734","-83.380975724818,35.159964873414","35485319","R"
"880328","749 Pickens Hwy, Rosman, NC, 28772","Match","Exact","749 PICKENS HWY, ROSMAN, NC, 28772","-82.821490087017,35.144227378565","133734385","R"
"010400","1731 N NC 87, Elon, NC, 27244","No_Match"
"170316","466 Main Street E, Yanceyville, NC, 27379","Match","Non_Exact","466 MAIN ST, YANCEYVILLE, NC, 27379","-79.341939419817,36.405549501061","96778444","R"
"650352","1307 Market St, Wilmington, NC, 28401","Match","Exact","1307 MARKET ST, WILMINGTON, NC, 28401","-77.932766127484,34.236746067573","152731225","L"
"880320","970 Ecusta Rd, Brevard, NC, 28712","Match","Exact","970 ECUSTA RD, BREVARD, NC, 28712","-82.705425814356,35.259987682054","658807294","L"
"110380","890 Clarks Chapel Road, Weaverville, NC, 28787","Match","Exact","890 CLARKS CHAPEL RD, WEAVERVILLE, NC, 28787","-82.558363174459,35.735083146035","656692461","R"
"100348","550 Whiteville Road NW, Shallotte, NC, 28470","No_Match"
"491312","659 E Center Ave, Mooresville, NC, 28115","Match","Exact","659 E CENTER AVE, MOORESVILLE, NC, 28115","-80.801965185683,35.578759878088","45991963","L"
"490346","156 Raider Road, Olin, NC, 28660","Match","Exact","156 RAIDER RD, OLIN, NC, 28660","-80.869700610271,35.927465715264","656556494","L"
"181322","1234 3rd Street NE, Hickory, NC, 28601","Match","Exact","1234 3RD ST NE, HICKORY, NC, 28601","-81.333025263967,35.74944781507","45904320","R"
"900377","4901 Monroe-Weddington Road, Matthews, NC, 28104","No_Match"
"260354","1200 Murchison Road, Fayetteville, NC, 28301","Match","Exact","1200 MURCHISON RD, FAYETTEVILLE, NC, 28301","-78.893507835765,35.070357565114","64255506","R"
"260357","5301 Celebration Drive, Hope Mills, NC, 28348","Match","Exact","5301 CELEBRATION DR, HOPE MILLS, NC, 28348","-78.9083191814,34.925154860232","64257758","L"
"870314","1415 Fontana Road, Bryson City, NC, 28713","Match","Exact","1415 FONTANA RD, BRYSON CITY, NC, 28713","-83.455362281644,35.444303312528","36124358","L"
"260359","1800 Seabrook Road, Fayetteville, NC, 28301","Match","Exact","1800 SEABROOK RD, FAYETTEVILLE, NC, 28301","-78.896277780035,35.082920328217","64271195","R"
"800408","8050 NC 801 Hwy, Mount Ulla, NC, 28125","Match","Exact","8050 STATE HWY 801, MOUNT ULLA, NC, 28125","-80.642179281929,35.699566156145","25261225","L"
"010311","2550 Buckingham Road, Burlington, NC, 27217","Match","Exact","2550 BUCKINGHAM RD, BURLINGTON, NC, 27217","-79.385015247498,36.09307864105","71717358","R"
"491305","574 W McLelland Ave, Mooresville, NC, 28115","Match","Exact","574 W MCLELLAND AVE, MOORESVILLE, NC, 28115","-80.822783035768,35.587201865649","46028549","L"
"410595","409 Friendway Road, Greensboro, NC, 27410","Match","Exact","409 FRIENDWAY RD, GREENSBORO, NC, 27410","-79.904740621265,36.084309488619","131108320","L"
"820388","1189 Kader Merritt Road, Rose Hill, NC, 28458","Match","Exact","1189 KADER MERRITT RD, ROSE HILL, NC, 28458","-78.240700134599,34.808588385375","636189421","R"
"160309","140 Vashti Dr, Morehead City, NC, 28557","Match","Exact","140 VASHTI DR, MOREHEAD CITY, NC, 28557","-76.791991890544,34.738783771865","647100178","R"
"790314","6845 Hwy 135, Mayodan, NC, 27027","No_Match"
"490335","186 Doolie Road, Mooresville, NC, 28117","Match","Exact","186 DOOLIE RD, MOORESVILLE, NC, 28117","-80.898803858791,35.596478837738","600599398","L"
"780401","648 North Old Stage Rd, Saint Pauls, NC, 28384","Match","Exact","648 N OLD STAGE RD, SAINT PAULS, NC, 28384","-78.977746067928,34.814693164765","49143938","R"
"810340","331 East High Rd, Bostic, NC, 28018","Match","Exact","331 E HIGH RD, BOSTIC, NC, 28018","-81.819377383391,35.340653943191","19391649","R"
"970356","2986 Traphill Rd, Hays, NC, 28635","Match","Exact","2986 TRAPHILL RD, HAYS, NC, 28635","-81.100325925973,36.282737619427","655933923","R"
"640340","906 Hammond Street, Rocky Mount, NC, 27804","Match","Exact","906 HAMMOND ST, ROCKY MOUNT, NC, 27804","-77.808157911037,35.940892656266","90383044","R"
"900367","4209A Old Charlotte Hwy, Monroe, NC, 28110","Match","Non_Exact","4209A OLD CHARLOTTE HWY, MONROE, NC, 28110","-80.620395353436,35.032486395104","14181024","L"
"900366","600 Brewer Dr, Monroe, NC, 28112","Match","Exact","600 BREWER DR, MONROE, NC, 28112","-80.567368859123,34.969693537713","601425859","L"
"110352","475 Enka Lake Road, Candler, NC, 28715","Match","Exact","475 ENKA LAKE RD, CANDLER, NC, 28715","-82.667237435473,35.53239013029","646103323","L"
"410358","415 Peeden Drive, Gibsonville, NC, 27249","Match","Exact","415 PEEDEN DR, GIBSONVILLE, NC, 27249","-79.613387076127,36.09289114909","131023389","L"
"900365","500 South Providence Street, Waxhaw, NC, 28173","Match","Exact","500 S PROVIDENCE ST, WAXHAW, NC, 28173","-80.741502609482,34.922227997177","14172661","L"
"260347","1200 Murchison Rd, Fayetteville, NC, 28301","Match","Exact","1200 MURCHISON RD, FAYETTEVILLE, NC, 28301","-78.893507835765,35.070357565114","64255506","R"
"900360","5211 Old Charlotte Hwy, Monroe, NC, 28110","Match","Exact","5211 OLD CHARLOTTE HWY, MONROE, NC, 28110","-80.643482873839,35.046188458908","642589863","L"
"740388","570 W Forlines Road, Winterville, NC, 28590","Match","Non_Exact","570 FORLINES RD, WINTERVILLE, NC, 28590","-77.428581657474,35.539521813222","635777377","R"
"960330","1135 New Hope Road, Goldsboro, NC, 27534","Match","Non_Exact","1135 E NEW HOPE RD, GOLDSBORO, NC, 27534","-77.878724940795,35.374418447464","636114077","R"
"980398","902 Herring St, Wilson, NC, 27893","Match","Non_Exact","902 HERRING AVE, WILSON, NC, 27893","-77.894720766545,35.731166585927","26724243","R"
"980397","4809 Ward Blvd, Wilson, NC, 27893","Match","Exact","4809 WARD BLVD, WILSON, NC, 27893","-77.894340309529,35.723530791214","26705319","R"
"960324","5460 US 117 North, Pikeville, NC, 27863","Match","Exact","5460 US HWY 117 N, PIKEVILLE, NC, 27863","-77.981355736274,35.51116979706","14413519","R"
"720316","305 Edenton Road St, Hertford, NC, 27944","Match","Non_Exact","305 S EDENTON ROAD ST, HERTFORD, NC, 27944","-76.474971846828,36.18570901277","647175933","R"
"010303","1247 Jimmie Kerr Road, Graham, NC, 27253","No_Match"
"080312","716 US Hwy 13 North, Windsor, NC, 27983","Match","Exact","716 US HWY 13 N, WINDSOR, NC, 27983","-76.970526642222,36.050858883442","56515290","R"
"410484","6700 McLeansville Road, McLeansville, NC, 27301","Match","Non_Exact","6700 MCLEANSVILLE RD, MC LEANSVILLE, NC, 27301","-79.67371855319,36.157703422709","131034337","R"
"340332","910 Highland Court, Winston Salem, NC, 27101","Match","Non_Exact","910 N HIGHLAND AVE, WINSTON SALEM, NC, 27101","-80.233240976209,36.106523049209","84687186","L"
"250314","800 College Court, New Bern, NC, 28562","Match","Exact","800 COLLEGE CT, NEW BERN, NC, 28562","-77.101288279413,35.110437643933","34121393","L"
"340330","3545 Carver School Road, Winston Salem, NC, 27105","Match","Exact","3545 CARVER SCHOOL RD, WINSTON SALEM, NC, 27105","-80.208749416085,36.134396600735","84612124","R"
"100326","114 Scorpion Drive, Leland, NC, 28451","Match","Non_Exact","114 SCORPION DR NE, LELAND, NC, 28451","-78.024355007344,34.238311720463","153157689","L"
"340454","342 Petree Road, Winston Salem, NC, 27106","Match","Exact","342 PETREE RD, WINSTON SALEM, NC, 27106","-80.315029804335,36.127841846594","84647636","L"
"080311","717 US Hwy 13 North, Windsor, NC, 27983","Match","Non_Exact","717 US HWY 13, WINDSOR, NC, 27983","-76.96271048957,35.940924685613","56521549","R"
"950338","300 Go Pioneers Drive, Boone, NC, 28607","Match","Exact","300 GO PIONEERS DR, BOONE, NC, 28607","-81.651542236023,36.219358818594","649275950","L"
"410406","801 Ferndale Boulevard, High Point, NC, 27262","Match","Exact","801 FERNDALE BLVD, HIGH POINT, NC, 27262","-80.019770464302,35.957994240142","640601385","L"
"430378","215 Maynard Lake Road, Erwin, NC, 28339","Match","Exact","215 MAYNARD LAKE RD, ERWIN, NC, 28339","-78.667321736778,35.336653996838","71997248","R"
"570318","5740 US Hwy 25-70, Marshall, NC, 28753","No_Match"
"570317","5734 US 25/70 Hwy, Marshall, NC, 28753","No_Match"
"640350","4230 Green Hills Road, Rocky Mount, NC, 27804","Match","Exact","4230 GREEN HILLS RD, ROCKY MOUNT, NC, 27804","-77.892359426382,35.996004240489","658717218","L"
"950336","300 Go Pioneers Drive, Boone, NC, 28607","Match","Exact","300 GO PIONEERS DR, BOONE, NC, 28607","-81.651542236023,36.219358818594","649275950","L"
"090376","7418 NC Highway 41 West, Dublin, NC, 28332","No_Match"
"960380","124 Walter Fulcher Rd, Dudley, NC, 28333","Match","Exact","124 WALTER FULCHER RD, DUDLEY, NC, 28333","-78.045760994681,35.254744959098","14409763","L"
"410529","1000 Lucy Ragsdale Drive, Jamestown, NC, 27282","Match","Non_Exact","1000 LUCY RAGSDALE SCHOOL RD, JAMESTOWN, NC, 27282","-79.91200356967,35.994622137403","652671613","R"
"960386","4340 Indian Springs Rd, Seven Springs, NC, 28578","Match","Exact","4340 INDIAN SPRINGS RD, SEVEN SPRINGS, NC, 28578","-77.899168152138,35.228353781836","636107188","L"
"340568","1215 North Cameron Avenue, Winston-Salem, NC, 27101","Match","Non_Exact","1215 CAMERON AVE, WINSTON SALEM, NC, 27101","-80.222472852879,36.109729701057","84679646","R"
"490310","350 Old Murdock Rd, Troutman, NC, 28166","Match","Exact","350 OLD MURDOCK RD, TROUTMAN, NC, 28166","-80.88920122153,35.71415061191","622198889","R"
"400315","818 Highway 91, Snow Hill, NC, 28580","Match","Exact","818 HWY 91, SNOW HILL, NC, 28580","-77.671581207067,35.47582120003","636933774","R"
"550308","221 Salem Church Road, Lincolnton, NC, 28092","Match","Exact","221 SALEM CHURCH RD, LINCOLNTON, NC, 28092","-81.208580193372,35.477342059924","69527468","R"
"640346","4279 Nash Central High Road, Rocky Mount, NC, 27804","No_Match"
"340446","2100 Silas Creek Parkway, Winston-Salem, NC, 27103","Match","Non_Exact","2100 SILAS CREEK PKWY SW, WINSTON SALEM, NC, 27103","-80.268480040888,36.069719359513","647228564","L"
"430384","10637 NC Hwy 27 West, Lillington, NC, 27546","Tie"
"900348","3006 Sikes Mill Road, Monroe, NC, 28110","Match","Exact","3006 SIKES MILL RD, MONROE, NC, 28110","-80.49300069679,35.094683032318","14218289","R"
"240334","32 Gator Lane, Lake Waccamaw, NC, 28450","No_Match"
"640361","1400 Bethlehem Road, Rocky Mount, NC, 27803","Match","Exact","1400 BETHLEHEM RD, ROCKY MOUNT, NC, 27803","-77.836189322622,35.93726632155","90398827","R"
"780420","11344 Deep Branch Road, Pembroke, NC, 28372","No_Match"
"900344","3220 Parkwood School Rd, Monroe, NC, 28112","Match","Exact","3220 PARKWOOD SCHOOL RD, MONROE, NC, 28112","-80.628487209561,34.899930794578","216854007","R"
"640364","6446 Southern Nash High Road, Bailey, NC, 27807","Match","Exact","6446 SOUTHERN NASH HIGH RD, BAILEY, NC, 27807","-78.085874727588,35.849127906347","90379361","L"
"180348","600 West Main Street, Maiden, NC, 28650","Match","Exact","600 W MAIN ST, MAIDEN, NC, 28650","-81.221694094567,35.580923066517","640602388","L"
"900342","2839 Ridge Road, Indian Trail, NC, 28079","Match","Exact","2839 RIDGE RD, INDIAN TRAIL, NC, 28079","-80.567829113324,35.089769461615","14181322","L"
"390322","2043 Sanders Rd, Stem, NC, 27581","Match","Exact","2043 SANDERS RD, STEM, NC, 27581","-78.687125880543,36.207660751623","77105697","R"
"390323","1552 South Campus Dr, Creedmoor, NC, 27522","Match","Exact","1552 S CAMPUS DR, CREEDMOOR, NC, 27522","-78.721105002577,36.142025363986","611855911","L"
"570321","5740 US Hwy 25/70, Marshall, NC, 28753","No_Match"
"390324","3200 Webb School Rd, Oxford, NC, 27565","Match","Exact","3200 WEBB SCHOOL RD, OXFORD, NC, 27565","-78.600044042483,36.339689053942","77115778","L"
"090368","1600 NC Hwy 410, Bladenboro, NC, 28320","Match","Exact","1600 STATE HWY 410, BLADENBORO, NC, 28320","-78.738943403499,34.638240651004","63887869","L"
"740366","600 W Arlington Blvd, Greenville, NC, 27834","No_Match"
"180340","3407 Plateau Road, Newton, NC, 28658","Match","Exact","3407 PLATEAU RD, NEWTON, NC, 28658","-81.370595851153,35.618493854375","45900760","L"
"740374","5659 NC 11 North, Bethel, NC, 27812","Match","Exact","5659 STATE HWY 11 N, BETHEL, NC, 27812","-77.362173548911,35.750525035137","637265379","R"
"400308","140 School Drive, Snow Hill, NC, 28580","Match","Exact","140 SCHOOL DR, SNOW HILL, NC, 28580","-77.67086187859,35.480641395927","26504494","R"
"250372","2600 Streets Ferry Road, Vanceboro, NC, 28586","Match","Exact","2600 STREETS FERRY RD, VANCEBORO, NC, 28586","-77.135391490993,35.237462497351","34152424","L"
"490307","158 Raider Rd, Olin, NC, 28660","Match","Exact","158 RAIDER RD, OLIN, NC, 28660","-80.869762439282,35.927453263336","656556494","L"
"650394","4500 Blue Clay Rd, Castle Hayne, NC, 28429","No_Match"
"340556","1735 Lewisville-Clemmons, Clemmons, NC, 27012","Match","Non_Exact","1735 LEWISVILLE CLEMMONS RD, CLEMMONS, NC, 27012","-80.389286184254,36.064185457094","84599811","L"
"430371","2495 Ray Road, Spring Lake, NC, 28390","Match","Exact","2495 RAY RD, SPRING LAKE, NC, 28390","-78.966682751203,35.248648839276","71991271","R"
"410547","4530 Southeast School Road, Greensboro, NC, 27406","No_Match"
"900336","1501 East Sunset Drive, Monroe, NC, 28112","Match","Exact","1501 E SUNSET DR, MONROE, NC, 28112","-80.524715720439,34.972090388316","14174620","L"
"410544","2407 South Holden Road, Greensboro, NC, 27407","Match","Exact","2407 S HOLDEN RD, GREENSBORO, NC, 27407","-79.849721648481,36.035940571408","131114346","L"
"740333","2006 Worthington Rd, Greenville, NC, 27858","Match","Exact","2006 WORTHINGTON RD, GREENVILLE, NC, 27858","-77.326543449414,35.531692142243","658638397","R"
"790354","134 N Pierce St, Eden, NC, 27288","Match","Exact","134 N PIERCE ST, EDEN, NC, 27288","-79.736475537169,36.503371919225","656792865","R"
"250340","101 Webb Boulevard, Havelock, NC, 28532","Match","Exact","101 WEBB BLVD, HAVELOCK, NC, 28532","-76.895000892029,34.882384637233","34153396","L"
"630332","1504 North Moore Rd, Robbins, NC, 27325","No_Match"
"421316","800 Hamilton Street, Roanoke Rapids, NC, 27870","No_Match"
"340542","5240 Sullivantown Road, Walkertown, NC, 27051","Match","Exact","5240 SULLIVANTOWN RD, WALKERTOWN, NC, 27051","-80.147963509472,36.177707830883","84660875","R"
"810384","641 Hwy 221 North, Rutherfordton, NC, 28139","Match","Exact","641 US HWY 221 N, RUTHERFORDTON, NC, 28139","-81.962297535153,35.39526057793","639994982","L"
"180320","4675 Oxford School Road, Claremont, NC, 28610","No_Match"
"780325","5419 Old Stage Road, Fairmont, NC, 28340","Match","Non_Exact","5419 OLD STAGE, FAIRMONT, NC, 28340","-79.098814698632,34.47702495485","49169006","R"
"810385","286 ICC Loop Road, Spindale, NC, 28160","No_Match"
"810386","140 Old Caroleen Road, Forest City, NC, 28043","Match","Exact","140 OLD CAROLEEN RD, FOREST CITY, NC, 28043","-81.85645492352,35.329784680799","19389834","L"
"180325","2550 Hwy 70 SE, Hickory, NC, 28602","Match","Non_Exact","2550 US HWY 70, HICKORY, NC, 28602","-81.382518881297,35.72211289117","45953327","R"
"260388","1062 Southern Avenue, Fayetteville, NC, 28306","Match","Exact","1062 SOUTHERN AVE, FAYETTEVILLE, NC, 28306","-78.893908298378,35.031489371669","64202050","R"
"410556","5700 Drake Road, Greensboro, NC, 27406","Match","Exact","5700 DRAKE RD, GREENSBORO, NC, 27406","-79.8546577365,35.95130719118","656479555","L"
"960372","900 Rosewood Road, Goldsboro, NC, 27530","Match","Exact","900 ROSEWOOD RD, GOLDSBORO, NC, 27530","-78.075625977305,35.414769926699","655926808","L"
"630336","250 Voit Gilmore Lane, Southern Pines, NC, 28387","No_Match"
"960490","3000 Wayne Memorial Drive, Goldsboro, NC, 27534","Match","Exact","3000 WAYNE MEMORIAL DR, GOLDSBORO, NC, 27534","-77.95797145735,35.399340301793","14416736","R"
"070311","5337 Hwy 264 East, Washington, NC, 27889","Match","Non_Exact","5337 US HWY 264 W, WASHINGTON, NC, 27889","-77.125487592614,35.602015199789","635927119","R"
"740344","3308 E Wilson Street, Farmville, NC, 27828","Match","Exact","3308 E WILSON ST, FARMVILLE, NC, 27828","-77.573140460279,35.592166441466","658715668","R"
"410319","1920 McGuinn Drive, High Point, NC, 27265","Match","Exact","1920 MCGUINN DR, HIGH POINT, NC, 27265","-79.993016154459,35.985716812857","131040011","R"
"880308","609 N. Country Club Rd, Brevard, NC, 28712","Match","Exact","609 N COUNTRY CLUB RD, BREVARD, NC, 28712","-82.735362825248,35.219413741088","133736450","R"
"790366","1901 S Park Dr, Reidsville, NC, 27320","Match","Exact","1901 S PARK DR, REIDSVILLE, NC, 27320","-79.675872753619,36.331358901203","636564693","R"
"250356","4200 Academic Drive, New Bern, NC, 28562","Match","Exact","4200 ACADEMIC DR, NEW BERN, NC, 28562","-77.119167085744,35.098231810847","34154117","L"
"020303","345 Industrial Blvd, Taylorsville, NC, 28681","Match","Exact","345 INDUSTRIAL BLVD, TAYLORSVILLE, NC, 28681","-81.180525586893,35.91038719118","45797206","L"
"020302","223 School Drive, Taylorsville, NC, 28681","Match","Exact","223 SCHOOL DR, TAYLORSVILLE, NC, 28681","-81.190381105555,35.917866854368","642916191","L"
"320701","3727 Fayetteville St, Durham, NC, 27707","Match","Non_Exact","3727 FAYETTEVILLE RD, DURHAM, NC, 27707","-78.905252376625,35.952600659186","71741059","L"
"410562","4364 Barrow Road, High Point, NC, 27265","Match","Exact","4364 BARROW RD, HIGH POINT, NC, 27265","-79.989815884751,36.047357188627","656492015","R"
"600397","1100 Eastway Dr, Charlotte, NC, 28205","Match","Exact","1100 EASTWAY DR, CHARLOTTE, NC, 28205","-80.779158864358,35.241209075969","70515768","R"
"800340","175 St Luke's Church Rd, Salisbury, NC, 28146","Match","Non_Exact","175 SAINT LUKE CHURCH RD, SALISBURY, NC, 28146","-80.4242654782,35.594588617687","636541932","R"
"900316","701 Old Hwy 74, Marshville, NC, 28103","Match","Exact","701 OLD HWY 74, MARSHVILLE, NC, 28103","-80.420531855576,34.972176652818","14220004","R"
"670364","1001 Piney Green Rd, Jacksonville, NC, 28546","Match","Exact","1001 PINEY GREEN RD, JACKSONVILLE, NC, 28546","-77.348483602515,34.767885780421","14013224","R"
"380308","301 Sweetwater Road, Robbinsville, NC, 28771","Match","Exact","301 SWEETWATER RD, ROBBINSVILLE, NC, 28771","-83.798367832277,35.325482941257","35949490","L"
"900311","1400 Cuthbertson Rd, Waxhaw, NC, 28173","Match","Exact","1400 CUTHBERTSON RD, WAXHAW, NC, 28173","-80.733699873426,34.977328656908","642590139","L"
"390352","701 N Crescent Dr, Creedmoor, NC, 27522","Match","Non_Exact","701 CRESCENT DR, CREEDMOOR, NC, 27522","-78.673586334626,36.124748986544","656833425","L"
"510333","6875 Applewhite Rd, Wendell, NC, 27591","Match","Exact","6875 APPLEWHITE RD, WENDELL, NC, 27591","-78.333771704567,35.728452312369","639652612","L"
"440378","1 Black Bear Drive, Canton, NC, 28716","Match","Exact","1 BLACK BEAR DR, CANTON, NC, 28716","-82.841499482046,35.523174709274","151784595","R"
"230312","307 E Stagecoach Trail, Lawndale, NC, 28090","Match","Exact","307 E STAGECOACH TRL, LAWNDALE, NC, 28090","-81.530218791085,35.420008542522","19314515","L"
"800396","500 Lincolnton Rd, Salisbury, NC, 28144","Match","Exact","500 LINCOLNTON RD, SALISBURY, NC, 28144","-80.482410453242,35.663732385164","25268722","R"
"010378","609 Ray Street, Graham, NC, 27253","Match","Exact","609 RAY ST, GRAHAM, NC, 27253","-79.394940729872,36.06269165515","71665784","R"
"510324","600 S Fayetteville St, Clayton, NC, 27520","Match","Exact","600 S FAYETTEVILLE ST, CLAYTON, NC, 27520","-78.464616663186,35.649594361018","26533829","L"
"510323","211 East Rose Street, Smithfield, NC, 27577","Match","Exact","211 E ROSE ST, SMITHFIELD, NC, 27577","-78.351230180494,35.505063465483","26524576","R"
"240371","40 Stallion Drive, Tabor City, NC, 28463","Match","Exact","40 STALLION DR, TABOR CITY, NC, 28463","-78.815492126768,34.173466836904","64148925","L"
"800394","1333 Jake Alexander Blvd S, Salisbury, NC, 28146","Match","Exact","1333 JAKE ALEXANDER BLVD S, SALISBURY, NC, 28146","-80.477952677832,35.641603801291","25284061","R"
"510327","1892 Polenta Rd, Clayton, NC, 27520","Match","Exact","1892 POLENTA RD, CLAYTON, NC, 27520","-78.499829518988,35.551516254595","604796575","R"
"430341","910 W. Harnett Street, Dunn, NC, 28334","Match","Exact","910 W HARNETT ST, DUNN, NC, 28334","-78.617399169741,35.314897416144","71963807","R"
"240373","4564 Chadbourn Hwy, Whiteville, NC, 28472","Match","Exact","4564 CHADBOURN HWY, WHITEVILLE, NC, 28472","-78.781663105585,34.329927966857","638977136","L"
"700310","1004 Parkview Drive, Elizabeth City, NC, 27909","Match","Exact","1004 PARKVIEW DR, ELIZABETH CITY, NC, 27909","-76.212824571151,36.285261498702","18593013","R"
"940316","3177 US Hwy 64 East, Plymouth, NC, 27962","Match","Exact","3177 US HWY 64 E, PLYMOUTH, NC, 27962","-76.691396222659,35.87196026304","18681467","L"
"861308","334 Elk Spur St, Elkin, NC, 28621","Match","Exact","334 ELK SPUR ST, ELKIN, NC, 28621","-80.86053724608,36.245379243218","154167070","R"
"240380","7294 Andrew Jackson Hwy SW, Cerro Gordo, NC, 28430","No_Match"
"710342","245 St. Johns Church Road, Hampstead, NC, 28443","Match","Exact","245 SAINT JOHNS CHURCH RD, HAMPSTEAD, NC, 28443","-77.683930997761,34.392676545542","14127224","R"
"860336","2440 W Pine Street, Mount Airy, NC, 27030","Match","Exact","2440 W PINE ST, MOUNT AIRY, NC, 27030","-80.673454229206,36.504021608189","154184205","R"
"860352","716 South Main Street, Dobson, NC, 27017","Match","Exact","716 S MAIN ST, DOBSON, NC, 27017","-80.714303010718,36.382728006061","656448964","L"
"670340","8100 Richlands Hwy, Richlands, NC, 28574","Match","Exact","8100 RICHLANDS HWY, RICHLANDS, NC, 28574","-77.547545365991,34.891683102734","14030901","R"
"241312","310 S Martin Luther King Jr Av, Whiteville, NC, 28472","Match","Non_Exact","310 N MARTIN LUTHER KING JR AVE, WHITEVILLE, NC, 28472","-78.709455285527,34.327146088741","64127956","L"
"920500","2201 Spring Forest Rd, Raleigh, NC, 27615","Match","Exact","2201 SPRING FOREST RD, RALEIGH, NC, 27615","-78.604351649968,35.864410781589","633686674","R"
"670344","1420 Burgaw Hwy, Jacksonville, NC, 28540","Match","Exact","1420 BURGAW HWY, JACKSONVILLE, NC, 28540","-77.481710021086,34.747961043224","656164921","L"
"700325","1208 N Road St, Elizabeth City, NC, 27909","Match","Exact","1208 N ROAD ST, ELIZABETH CITY, NC, 27909","-76.223016309162,36.325816697775","658557150","R"
"500302","95 Bobcat Dr, Cashiers, NC, 28717","Match","Exact","95 BOBCAT DR, CASHIERS, NC, 28717","-83.120435044386,35.129852925375","35986048","L"
"241316","413 N Lee Street, Whiteville, NC, 28472","Match","Exact","413 N LEE ST, WHITEVILLE, NC, 28472","-78.7061585826,34.334207244089","655923636","L"
"010396","1307 S Church Street, Burlington, NC, 27215","Match","Exact","1307 S CHURCH ST, BURLINGTON, NC, 27215","-79.451528841474,36.087020951124","71663466","R"
"800376","300 North Whitehead Ave, Spencer, NC, 28159","Match","Exact","300 N WHITEHEAD AVE, SPENCER, NC, 28159","-80.42714769695,35.695786494153","25270161","R"
"700319","1064 Northside Road, Elizabeth City, NC, 27909","Match","Exact","1064 NORTHSIDE RD, ELIZABETH CITY, NC, 27909","-76.273813657999,36.361911286765","18598043","R"
"660336","152 Hurricane Drive, Gaston, NC, 27832","Match","Exact","152 HURRICANE DR, GASTON, NC, 27832","-77.652288158288,36.510272435508","54078323","R"
"230330","409 West Sumter Street, Shelby, NC, 28150","Match","Exact","409 W SUMTER ST, SHELBY, NC, 28150","-81.545125446938,35.293475782345","19317966","L"
"700317","963 Oak Stump Rd, Elizabeth City, NC, 27909","Match","Exact","963 OAK STUMP RD, ELIZABETH CITY, NC, 27909","-76.253661892569,36.28651544883","656590422","L"
"430345","900 11th Street, Lillington, NC, 27546","Match","Non_Exact","900 S 11TH ST, LILLINGTON, NC, 27546","-78.821779838881,35.398995673723","71996976","L"
"670352","161 Queens Creek Rd, Swansboro, NC, 28584","Match","Exact","161 QUEENS CREEK RD, SWANSBORO, NC, 28584","-77.158766743348,34.699687493876","653650714","R"
"430346","2911 Harnett Central Rd, Angier, NC, 27501","Match","Exact","2911 HARNETT CENTRAL RD, ANGIER, NC, 27501","-78.784767148247,35.460752442959","71997023","R"
"230324","800 Old Boiling Springs Road, Shelby, NC, 28152","Match","Exact","800 OLD BOILING SPRINGS RD, SHELBY, NC, 28152","-81.60981694996,35.269967522708","19345088","L"
"010388","631 Southern High School Road, Graham, NC, 27253","Match","Exact","631 SOUTHERN HIGH SCHOOL RD, GRAHAM, NC, 27253","-79.407247834219,36.001133743556","71666541","L"
"440390","564 Tuscola School Rd, Waynesville, NC, 28786","Match","Exact","564 TUSCOLA SCHOOL RD, WAYNESVILLE, NC, 28786","-82.952114368227,35.52323043109","151834235","R"
"140305","2857 Hickory Boulevard, Hudson, NC, 28638","Match","Exact","2857 HICKORY BLVD, HUDSON, NC, 28638","-81.483192398846,35.855095162238","45847818","L"
"140306","1889 Dudley Shoals Road, Granite Falls, NC, 28630","Match","Exact","1889 DUDLEY SHOALS RD, GRANITE FALLS, NC, 28630","-81.368796879955,35.865008281838","45850051","R"
"140309","2859 Hickory Blvd SW, Hudson, NC, 28638","Match","Non_Exact","2859 HICKORY BLVD, HUDSON, NC, 28638","-81.48317745346,35.855080004254","45847818","L"
"590326","54 College Drive, Marion, NC, 28752","Match","Exact","54 COLLEGE DR, MARION, NC, 28752","-81.961547748009,35.655077688649","640635738","L"
"590328","54 College Drive, Marion, NC, 28752","Match","Exact","54 COLLEGE DR, MARION, NC, 28752","-81.961547748009,35.655077688649","640635738","L"
"230361","230 E Dixon Boulevard, Shelby, NC, 28152","Match","Exact","230 E DIXON BLVD, SHELBY, NC, 28152","-81.539550859999,35.277842982709","19318613","L"
"220310","205 Yellow Jacket Drive, Hayesville, NC, 28904","Match","Exact","205 YELLOW JACKET DR, HAYESVILLE, NC, 28904","-83.815598107779,35.040601786558","656834130","L"
"500324","3770 Skyland Drive, Sylva, NC, 28779","Match","Exact","3770 SKYLAND DR, SYLVA, NC, 28779","-83.164054610872,35.40441731262","36003783","R"
"510368","5915 US Hwy 301 N, Kenly, NC, 27542","No_Match"
"510367","245 College Rd, Smithfield, NC, 27577","No_Match"
"920518","931 Durham Rd, Wake Forest, NC, 27587","No_Match"
"160314","1 Cougar Ln, Newport, NC, 28570","No_Match"
"920411","5101 Rolesville Rd, Wendell, NC, 27591","Match","Exact","5101 ROLESVILLE RD, WENDELL, NC, 27591","-78.42704626455,35.812785214165","636582777","R"
"160313","3263 Hwy 70 E, Beaufort, NC, 28516","Match","Non_Exact","3263 HWY 70, BEAUFORT, NC, 28516","-76.626089874036,34.781353499239","640638734","L"
"230350","500 Phifer Road, Kings Mountain, NC, 28086","Match","Exact","500 PHIFER RD, KINGS MOUNTAIN, NC, 28086","-81.368818159471,35.233653026206","19325416","L"
"440326","62 Joy Lane, Waynesville, NC, 28786","Match","Exact","62 JOY LN, WAYNESVILLE, NC, 28786","-82.992159696308,35.485847745211","151776494","L"
"500323","404 College Drive, Sylva, NC, 28779","Match","Exact","404 COLLEGE DR, SYLVA, NC, 28779","-83.204037600964,35.347041225934","648066370","R"
"010324","4040 Mebane Rogers, Mebane, NC, 27302","Match","Non_Exact","4040 MEBANE ROGERS RD, MEBANE, NC, 27302","-79.302801674126,36.112800481253","71724698","R"
"920526","6770 McCrimmon Parkway, Cary, NC, 27519","Match","Exact","6770 MCCRIMMON PKWY, CARY, NC, 27519","-78.888501151237,35.827744400705","656210045","R"
"920528","1923 Milburnie Rd, Raleigh, NC, 27610","Match","Exact","1923 MILBURNIE RD, RALEIGH, NC, 27610","-78.615730262164,35.787365352251","656352416","L"
"710327","100 East Industrial Drive, Burgaw, NC, 28425","Match","Non_Exact","100 INDUSTRIAL DR, BURGAW, NC, 28425","-77.921317960755,34.542892430453","14130003","R"
"710326","5380 NC Hwy 53 W, Burgaw, NC, 28425","Match","Non_Exact","5380 STATE HWY 53, BURGAW, NC, 28425","-78.012543297648,34.543613273969","14132978","R"
"160344","4700 Country Club Rd, Morehead City, NC, 28557","Match","Exact","4700 COUNTRY CLUB RD, MOREHEAD CITY, NC, 28557","-76.783383167426,34.736194705012","223878453","L"
"510399","700 M. Durwood Stephenson Park, Smithfield, NC, 27577","No_Match"
"010360","2200 N Mebane Street, Burlington, NC, 27217","Match","Exact","2200 N MEBANE ST, BURLINGTON, NC, 27217","-79.398774581198,36.092208464251","71717359","L"
"930352","149 Campus Drive, Warrenton, NC, 27589","Match","Exact","149 CAMPUS DR, WARRENTON, NC, 27589","-78.167748128735,36.432644655569","54117575","L"
"650340","630 MacMillan Avenue, Wilmington, NC, 28403","Match","Non_Exact","630 N MACMILLAN AVE, WILMINGTON, NC, 28403","-77.881677616798,34.22133373684","152761680","R"
"650327","555 Halyburton Memorial Parkwy, Wilmington, NC, 28412","Match","Exact","555 HALYBURTON MEMORIAL PKWY, WILMINGTON, NC, 28412","-77.903958314055,34.100737268098","647212974","L"
"920552","5500 Dixon Drive, Raleigh, NC, 27609","No_Match"
"650326","2700 N College Rd, Wilmington, NC, 28405","Match","Exact","2700 N COLLEGE RD, WILMINGTON, NC, 28405","-77.87389308696,34.295671057759","656900967","R"
"920556","5651 Dillard Dr, Cary, NC, 27518","Match","Exact","5651 DILLARD DR, CARY, NC, 27518","-78.737635661891,35.755145715601","208362422","L"
"440346","185 Freedlander Drive, Clyde, NC, 28721","Match","Exact","185 FREEDLANDER DR, CLYDE, NC, 28721","-82.928311242922,35.525391352776","151820972","L"
"370312","088 Hwy 158 West, Gatesville, NC, 27938","Match","Exact","88 US HWY 158 W, GATESVILLE, NC, 27938","-76.70667161084,36.446233900226","18576905","R"
"590330","600 McDowell High School Dr, Marion, NC, 28752","Match","Non_Exact","600 MCDOWELL HIGH SCHOOL RD, MARION, NC, 28752","-82.034960901528,35.695981179303","35910502","R"
"500340","100 Smoky Mountain Drive, Sylva, NC, 28779","Match","Exact","100 SMOKY MOUNTAIN DR, SYLVA, NC, 28779","-83.199876148272,35.35454968148","637950281","R"
"150304","103 US 158 W, Camden, NC, 27921","No_Match"
"860316","801 W Main Street, Pilot Mountain, NC, 27041","Match","Exact","801 W MAIN ST, PILOT MOUNTAIN, NC, 27041","-80.476591572353,36.392258858069","655927638","R"
"920428","201 Bengal Blvd, Fuquay-Varina, NC, 27526","Match","Exact","201 BENGAL BLVD, FUQUAY VARINA, NC, 27526","-78.795166779816,35.596697060029","648387909","L"
"010348","903 Trollinger Road, Graham, NC, 27253","Match","Exact","903 TROLLINGER RD, GRAHAM, NC, 27253","-79.383788350154,36.076162903961","71697100","R"
"920546","1099 East Young St, Rolesville, NC, 27571","No_Match"
"710321","14328 NC Hwy 210, Rocky Point, NC, 28457","Match","Exact","14328 STATE HWY 210, ROCKY POINT, NC, 28457","-77.890413547491,34.434054039195","614160288","L"
"600535","8900 Park Rd, Charlotte, NC, 28210","Match","Exact","8900 PARK RD, CHARLOTTE, NC, 28210","-80.858129852007,35.110266146248","637589713","R"
"920562","2600 Rock Quarry Road, Raleigh, NC, 27610","Match","Exact","2600 ROCK QUARRY RD, RALEIGH, NC, 27610","-78.603905073113,35.747417037315","639844715","R"
"920441","2500 Carpenter Upchurch Road, Cary, NC, 27519","Match","Exact","2500 CARPENTER UPCHURCH RD, CARY, NC, 27519","-78.869841740503,35.803167366928","647276896","R"
"290348","7227 Old US Hwy 52, Lexington, NC, 27295","Match","Exact","7227 OLD US HWY 52, LEXINGTON, NC, 27295","-80.246726467274,35.922747871001","613778033","R"
"600415","11530 Beatties Ford Rd, Huntersville, NC, 28078","Match","Exact","11530 BEATTIES FORD RD, HUNTERSVILLE, NC, 28078","-80.910891640118,35.377117536617","656527650","R"
"920561","8228 Hebron Church Rd, Garner, NC, 27529","Match","Exact","8228 HEBRON CHURCH RD, GARNER, NC, 27529","-78.577661075493,35.657525777082","656179813","L"
"290349","3507 Midway School Rd, Winston-Salem, NC, 27107","Match","Exact","3507 MIDWAY SCHOOL RD, WINSTON SALEM, NC, 27107","-80.164408570758,35.941774497681","20215420","R"
"920324","318 N King Charles Rd, Raleigh, NC, 27610","Match","Exact","318 N KING CHARLES RD, RALEIGH, NC, 27610","-78.611236976498,35.785560546446","72509586","R"
"920445","1150 Forestville Road, Wake Forest, NC, 27587","No_Match"
"130310","505 Hwy 49 S, Concord, NC, 28025","No_Match"
"130316","300 Pitts School Road SW, Concord, NC, 28027","Match","Exact","300 PITTS SCHOOL RD SW, CONCORD, NC, 28027","-80.659464358179,35.357882196306","612745000","L"
"130317","120 Marsh Avenue NW, Concord, NC, 28025","Match","Exact","120 MARSH AVE NW, CONCORD, NC, 28025","-80.588799897109,35.412898092765","24899175","R"
"130314","481 Burrage Road NE, Concord, NC, 28025","Match","Exact","481 BURRAGE RD NE, CONCORD, NC, 28025","-80.58072537924,35.435739264493","24898387","L"
"530336","1708 Nash Street, Sanford, NC, 27330","Match","Exact","1708 NASH ST, SANFORD, NC, 27330","-79.146939081813,35.468176470323","72059521","L"
"530335","1105 Kelly Drive, Sanford, NC, 27330","Match","Exact","1105 KELLY DR, SANFORD, NC, 27330","-79.144378759363,35.469904894684","658683301","L"
"360418","1600 N Morris Street, Gastonia, NC, 28052","No_Match"
"450334","1 Bearcat Boulevard, Hendersonville, NC, 28791","Match","Non_Exact","1 BEARCAT LOOP, HENDERSONVILLE, NC, 28791","-82.475690310229,35.321294584077","656618664","L"
"920318","1420 Athens Drive, Raleigh, NC, 27606","Match","Exact","1420 ATHENS DR, RALEIGH, NC, 27606","-78.711325805262,35.770130122548","612817810","L"
"920317","7801 Humie Olive Rd, Apex, NC, 27502","Match","Exact","7801 HUMIE OLIVE RD, APEX, NC, 27502","-78.909111562138,35.702452407498","654512809","R"
"920316","1501 Laura Duncan Road, Apex, NC, 27502","Match","Exact","1501 LAURA DUNCAN RD, APEX, NC, 27502","-78.836476474082,35.744645419905","639843071","L"
"920437","7600 Roberts Rd, Cary, NC, 27519","Match","Exact","7600 ROBERTS RD, CARY, NC, 27519","-78.898060702616,35.770713207085","653787254","L"
"920436","2101 Spring Drive, Garner, NC, 27529","Match","Exact","2101 SPRING DR, GARNER, NC, 27529","-78.634859080035,35.711895223694","72576194","L"
"840332","40206 US Hwy 52 N, New London, NC, 28127","Match","Exact","40206 US HWY 52 N, NEW LONDON, NC, 28127","-80.214183953473,35.42818131569","635521395","R"
"600302","10220 Ardrey Kell Road, Charlotte, NC, 28277","Match","Exact","10220 ARDREY KELL RD, CHARLOTTE, NC, 28277","-80.829997340999,35.027744241311","70585646","L"
"050302","184 Campus Drive, West Jefferson, NC, 28694","Match","Exact","184 CAMPUS DR, WEST JEFFERSON, NC, 28694","-81.479958930863,36.393138724931","656699634","R"
"050303","363 Campus Dr, West Jefferson, NC, 28694","Match","Exact","363 CAMPUS DR, WEST JEFFERSON, NC, 28694","-81.477371706233,36.393669277763","154049462","L"
"600404","315 W Hebron St, Charlotte, NC, 28273","Match","Exact","315 W HEBRON ST, CHARLOTTE, NC, 28273","-80.893743516063,35.129276303166","70557431","L"
"600405","2001 Alleghany St, Charlotte, NC, 28208","Match","Exact","2001 ALLEGHANY ST, CHARLOTTE, NC, 28208","-80.901586915494,35.238086536549","658665457","L"
"760318","390 Eastern Randolph Rd, Ramseur, NC, 27316","Match","Exact","390 EASTERN RANDOLPH RD, RAMSEUR, NC, 27316","-79.61876439939,35.755991197517","20449731","R"
"130324","700 Walker Road, Mount Pleasant, NC, 28124","Match","Exact","700 WALKER RD, MOUNT PLEASANT, NC, 28124","-80.47922219221,35.4095024815","653622496","L"
"920455","5329 Cass Holt Road, Holly Springs, NC, 27540","Match","Exact","5329 CASS HOLT RD, HOLLY SPRINGS, NC, 27540","-78.851772686399,35.63137093201","653791062","R"
"130326","5130 NW Cabarrus Drive, Concord, NC, 28027","Match","Exact","5130 NW CABARRUS DR, CONCORD, NC, 28027","-80.664954703891,35.453924214924","641637087","L"
"610334","416 Ledger School Rd, Bakersville, NC, 28705","Match","Exact","416 LEDGER SCHOOL RD, BAKERSVILLE, NC, 28705","-82.117778400258,35.96945084454","608063114","R"
"680332","500 Orange High Rd, Hillsborough, NC, 27278","Match","Non_Exact","500 ORANGE HIGH SCHOOL RD, HILLSBOROUGH, NC, 27278","-79.093044183037,36.092184421026","640603782","L"
"530343","2301 Tramway Road, Sanford, NC, 27332","Match","Exact","2301 TRAMWAY RD, SANFORD, NC, 27332","-79.18686631123,35.438654842481","72076187","R"
"680335","920 Corporate Drive, Hillsborough, NC, 27278","Match","Exact","920 CORPORATE DR, HILLSBOROUGH, NC, 27278","-79.080498491048,36.063077458679","72390601","L"
"681305","201 Rock Haven Rd, Carrboro, NC, 27510","Match","Exact","201 ROCK HAVEN RD, CARRBORO, NC, 27510","-79.083993715284,35.891862925823","656833228","R"
"210312","701 North Oakum Street, Edenton, NC, 27932","No_Match"
"360428","1518 Edgefield Avenue, Gastonia, NC, 28052","No_Match"
"681308","9217 Seawell School Rd, Chapel Hill, NC, 27516","Match","Exact","9217 SEAWELL SCHOOL RD, CHAPEL HILL, NC, 27516","-79.07563724369,35.945039890609","72377833","L"
"930360","210 Ridgeway St, Warrenton, NC, 27589","Match","Non_Exact","210 W RIDGEWAY ST, WARRENTON, NC, 27589","-78.155078259926,36.402478708211","635422277","R"
"291336","26 Penry Street, Lexington, NC, 27292","Match","Exact","26 PENRY ST, LEXINGTON, NC, 27292","-80.25016851076,35.832550112466","20224953","L"
"920585","567 East Hargett St, Raleigh, NC, 27601","Match","Exact","567 E HARGETT ST, RALEIGH, NC, 27601","-78.629773062347,35.778022326493","72602973","L"
"920583","2901 Holston Lane, Raleigh, NC, 27610","Match","Exact","2901 HOLSTON LN, RALEIGH, NC, 27610","-78.584868325307,35.784400020712","612816999","L"
"920582","2205 Walnut Street, Cary, NC, 27518","Match","Exact","2205 WALNUT ST, CARY, NC, 27518","-78.741369613575,35.755763332557","647307206","L"
"290365","14956 South NC Hwy 109, Denton, NC, 27239","No_Match"
"920588","420 West Stadium Drive, Wake Forest, NC, 27587","Match","Non_Exact","420 STADIUM DR, WAKE FOREST, NC, 27587","-78.516544254902,35.983549646105","72484943","R"
"130332","7321 Raging Ridge Road, Harrisburg, NC, 28075","Match","Exact","7321 RAGING RIDGE RD, HARRISBURG, NC, 28075","-80.636936331329,35.309718798805","656622667","R"
"920466","100 Bryan Chalk Lane, Knightdale, NC, 27545","Match","Exact","100 BRYAN CHALK LN, KNIGHTDALE, NC, 27545","-78.472566194118,35.807956144374","618724800","L"
"130333","4521 Weddington Road, Concord, NC, 28027","Match","Non_Exact","4521 WEDDINGTON RD NW, CONCORD, NC, 28027","-80.653215140758,35.398627860398","641680110","R"
"920586","303 Ashe Avenue, Raleigh, NC, 27606","Match","Exact","303 ASHE AVE, RALEIGH, NC, 27606","-78.661698108394,35.779412233149","641640895","L"
"130339","4100 Weddington Rd, Concord, NC, 28027","Match","Non_Exact","4100 WEDDINGTON RD NW, CONCORD, NC, 28027","-80.646772511309,35.398521849675","641680112","L"
"920581","2200 S Wilmington St, Raleigh, NC, 27603","Match","Exact","2200 S WILMINGTON ST, RALEIGH, NC, 27603","-78.642498806081,35.751917951937","612827243","R"
"770349","1042 W Hamlet Ave, Hamlet, NC, 28345","Match","Exact","1042 W HAMLET AVE, HAMLET, NC, 28345","-79.710358762363,34.901335848807","639516862","R"
"360310","2222 S New Hope Road, Gastonia, NC, 28054","Match","Exact","2222 S NEW HOPE RD, GASTONIA, NC, 28054","-81.129130534384,35.242494598665","70413558","L"
"770342","377 Mizpah Road, Rockingham, NC, 28379","Match","Exact","377 MIZPAH RD, ROCKINGHAM, NC, 28379","-79.78527228261,34.897632225773","636544601","L"
"450352","3600 Haywood Road, Hendersonville, NC, 28791","Match","Exact","3600 HAYWOOD RD, HENDERSONVILLE, NC, 28791","-82.51614945493,35.362439542238","638677374","R"
"620356","770 Timberwolf Drive, Troy, NC, 27371","No_Match"
"450354","300 East Campus Drive, Flat Rock, NC, 28731","Match","Exact","300 E CAMPUS DR, FLAT ROCK, NC, 28731","-82.416447587316,35.307110315214","152299240","R"
"770348","838 US 1 North, Rockingham, NC, 28379","Match","Non_Exact","838 N US HWY 1, ROCKINGHAM, NC, 28379","-79.716154240662,34.954458553916","639953283","R"
"920595","2200 Wakefield Pines Drive, Raleigh, NC, 27614","Match","Exact","2200 WAKEFIELD PINES DR, RALEIGH, NC, 27614","-78.569578848831,35.949366123213","72648430","R"
"840356","40488 S Stanly School Rd, Norwood, NC, 28128","Match","Exact","40488 S STANLY SCHOOL RD, NORWOOD, NC, 28128","-80.164511904748,35.232887506742","640639899","L"
"920473","8410 Pride Way, Raleigh, NC, 27613","No_Match"
"620350","1011 Page St, Troy, NC, 27371","Match","Exact","1011 PAGE ST, TROY, NC, 27371","-79.871988915137,35.365793130801","20045928","R"
"600508","1800 Pineville-Matthews Rd, Charlotte, NC, 28270","Match","Exact","1800 PINEVILLE MATTHEWS RD, CHARLOTTE, NC, 28270","-80.761715863633,35.110173396802","609020900","R"
"130349","670 Concord Parkway North, Concord, NC, 28027","Match","Exact","670 CONCORD PKWY N, CONCORD, NC, 28027","-80.614024332744,35.417298719299","656633317","R"
"310392","602 High School Road, Teachey, NC, 28464","Match","Exact","602 HIGH SCHOOL RD, TEACHEY, NC, 28464","-77.99803119517,34.770708718257","13430198","L"
"140390","300 W Caldwell Drive, Lenoir, NC, 28645","No_Match"
"140386","7035 Spartan Drive, Hudson, NC, 28638","Match","Exact","7035 SPARTAN DR, HUDSON, NC, 28638","-81.452439305874,35.82361806818","45859693","L"
"680310","1125 New Grady Brown Sch Rd, Hillsborough, NC, 27278","Match","Exact","1125 NEW GRADY BROWN SCHOOL RD, HILLSBOROUGH, NC, 27278","-79.126902235262,36.052568834931","72410827","R"
"840361","141 College Drive, Albemarle, NC, 28001","Match","Exact","141 COLLEGE DR, ALBEMARLE, NC, 28001","-80.233921664864,35.337382118098","14098535","L"
"840362","311 Park Ridge Road, Albemarle, NC, 28001","Match","Exact","311 PARK RIDGE RD, ALBEMARLE, NC, 28001","-80.193385860716,35.370256798027","14095536","L"
"920348","723 Saint Marys St, Raleigh, NC, 27605","Match","Exact","723 SAINT MARYS ST, RALEIGH, NC, 27605","-78.652357696089,35.791884085573","72502718","L"
"450341","35 Fruitland Road, Hendersonville, NC, 28792","Match","Exact","35 FRUITLAND RD, HENDERSONVILLE, NC, 28792","-82.420206856311,35.360739713027","640615292","L"
"450343","300 East Campus Drive, Flat Rock, NC, 28731","Match","Exact","300 E CAMPUS DR, FLAT ROCK, NC, 28731","-82.416447587316,35.307110315214","152299240","R"
"300314","1211 Salisbury Road, Mocksville, NC, 27028","Match","Exact","1211 SALISBURY RD, MOCKSVILLE, NC, 27028","-80.554247648469,35.872809091047","640643394","L"
"670320","160 Dixon School Rd, Holly Ridge, NC, 28445","Match","Exact","160 DIXON SCHOOL RD, HOLLY RIDGE, NC, 28445","-77.480348207726,34.585505486675","636608337","L"
"300312","180 War Eagle Drive, Mocksville, NC, 27028","No_Match"
"200308","50 High School Drive, Andrews, NC, 28901","Match","Exact","50 HIGH SCHOOL DR, ANDREWS, NC, 28901","-83.824046125436,35.196240620232","607890234","R"
"670324","1021 Henderson Dr, Jacksonville, NC, 28540","Match","Exact","1021 HENDERSON DR, JACKSONVILLE, NC, 28540","-77.425833716899,34.780632358684","636607827","L"
"920368","638 Walnut St, Cary, NC, 27511","Match","Exact","638 WALNUT ST, CARY, NC, 27511","-78.766207107802,35.773804655571","636583800","R"
"460340","102 CSB Dr, Winton, NC, 27986","No_Match"
"310364","1388 West NC 403 Highway, Mt. Olive, NC, 28365","Match","Exact","1388 W NC 403 HWY, MOUNT OLIVE, NC, 28365","-78.083973216557,35.134211586679","13421873","L"
"850332","1350 N Stokes Sch Rd, Danbury, NC, 27016","Match","Exact","1350 N STOKES SCHOOL RD, DANBURY, NC, 27016","-80.280420275998,36.462903682953","56328100","R"
"830316","18700 Old Wire Road, Laurinburg, NC, 28352","Match","Exact","18700 OLD WIRE RD, LAURINBURG, NC, 28352","-79.423492753853,34.858371974537","639834909","R"
"120308","205 South Main Street, Drexel, NC, 28619","No_Match"
"681338","750 S Merritt Mill Rd, Chapel Hill, NC, 27516","Match","Exact","750 S MERRITT MILL RD, CHAPEL HILL, NC, 27516","-79.066392189158,35.903285813177","72404119","R"
"280330","100 Veterans Drive, Kill Devil Hills, NC, 27948","Match","Exact","100 VETERANS DR, KILL DEVIL HILLS, NC, 27948","-75.664411655386,36.008697524961","81322236","R"
"510402","10381 US Hwy 301 S, Four Oaks, NC, 27524","Match","Non_Exact","10381 US HWY 301, FOUR OAKS, NC, 27524","-78.502023545372,35.41244284427","658707455","R"
"150350","103-A US Highway 158 West, Camden, NC, 27921","No_Match"
"360337","201 Hwy 321 South, Dallas, NC, 28034","No_Match"
"290308","2747 NC Hwy 47, Lexington, NC, 27292","Match","Exact","2747 STATE HWY 47, LEXINGTON, NC, 27292","-80.222941943528,35.739413715818","656556708","R"
"360336","119 Yellow Jacket Lane, Bessemer City, NC, 28016","Match","Exact","119 YELLOW JACKET LN, BESSEMER CITY, NC, 28016","-81.281330927299,35.298134002981","70418697","L"
"510406","5935 Raleigh Road, Benson, NC, 27504","Match","Exact","5935 RALEIGH RD, BENSON, NC, 27504","-78.542191046731,35.524485920199","26521838","R"
"290314","2061 E Holly Grove Road, Lexington, NC, 27292","Match","Exact","2061 E HOLLY GROVE RD, LEXINGTON, NC, 27292","-80.189798094587,35.816772074469","20217896","L"
"290315","297 DCCC Road, Thomasville, NC, 27360","No_Match"
"920495","123 Middle Creek Park Avenue, Apex, NC, 27539","Match","Exact","123 MIDDLE CREEK PARK AVE, APEX, NC, 27539","-78.761241596314,35.669649945489","637584047","L"
"350308","29 Bunn Elem School Road, Bunn, NC, 27508","No_Match"
"670333","365 Commons Drive South, Jacksonville, NC, 28546","Match","Exact","365 COMMONS DR S, JACKSONVILLE, NC, 28546","-77.390089754518,34.790272497449","620019517","L"
"520344","1378 Hwy 58 South, Trenton, NC, 28585","No_Match"
"200314","267 Blue Eagle Circle, Murphy, NC, 28906","No_Match"
"360342","300 Rhodes Perimeter Drive, Dallas, NC, 28034","Match","Exact","300 RHODES PERIMETER DR, DALLAS, NC, 28034","-81.191309590415,35.310942160054","70395962","R"
"060302","401 Avery County High School R, Newland, NC, 28657","No_Match"
"960700","801 N. Lionel St, Goldsboro, NC, 27530","Match","Non_Exact","801 LIONEL ST, GOLDSBORO, NC, 27530","-77.982363640527,35.387722186964","636598729","L"
"990332","1001 College Drive, Yadkinville, NC, 27055","No_Match"
"862312","1011 N South St, Mount Airy, NC, 27030","Match","Exact","1011 N SOUTH ST, MOUNT AIRY, NC, 27030","-80.6152107371,36.511355420218","154156194","L"
"290324","1408 Lake Road, Thomasville, NC, 27360","Match","Exact","1408 LAKE RD, THOMASVILLE, NC, 27360","-80.101509869997,35.851308797922","654549759","L"
"920386","5651 Dillard Dr, Cary, NC, 27518","Match","Exact","5651 DILLARD DR, CARY, NC, 27518","-78.737635661891,35.755145715601","208362422","L"
"350317","8150 NC Highway 56, Louisburg, NC, 27549","Match","Non_Exact","8150 STATE HWY 56, LOUISBURG, NC, 27549","-78.328509402406,36.086788907429","90246553","R"
"840302","311 Park Ridge Road, Albemarle, NC, 28001","Match","Exact","311 PARK RIDGE RD, ALBEMARLE, NC, 28001","-80.193385860716,35.370256798027","14095536","L"
"670300","444 Western Blvd, Jacksonville, NC, 28546","Match","Exact","444 WESTERN BLVD, JACKSONVILLE, NC, 28546","-77.388212371989,34.773524657061","14012356","R"
"460320","1500 W First St, Ahoskie, NC, 27910","Match","Exact","1500 W 1ST ST, AHOSKIE, NC, 27910","-76.999192444735,36.295115702874","56781710","R"
"200328","234 High School Circle, Murphy, NC, 28906","No_Match"
"200322","The Oaks Academy, Murphy, NC, 28906","No_Match"
"850352","1100 S Stokes High Drive, Walnut Cove, NC, 27052","Match","Exact","1100 S STOKES HIGH DR, WALNUT COVE, NC, 27052","-80.238792811854,36.326047798841","56331901","L"
"460322","109 Community College Rd, Ahoskie, NC, 27910","No_Match"
"280316","829 Wingina Avenue, Manteo, NC, 27954","Match","Exact","829 WINGINA AVE, MANTEO, NC, 27954","-75.675435998317,35.915381005909","81302674","L"
"450316","150 Eagle Pride Drive, East Flat Rock, NC, 28726","No_Match"
"681314","500 Weaver Dairy Rd, Chapel Hill, NC, 27514","Match","Exact","500 WEAVER DAIRY RD, CHAPEL HILL, NC, 27514","-79.031600979286,35.960444974227","72424736","L"
"310338","212 James Sprunt Dr, Kenansville, NC, 28349","Match","Exact","212 JAMES SPRUNT DR, KENANSVILLE, NC, 28349","-77.978371324334,34.94572161658","655928007","R"
"360470","1133 Ratchford Road, Dallas, NC, 28034","Match","Exact","1133 RATCHFORD RD, DALLAS, NC, 28034","-81.177247836802,35.335562319304","656877900","L"
"990326","2516 Longtown Rd, Boonville, NC, 27011","Match","Exact","2516 LONGTOWN RD, BOONVILLE, NC, 27011","-80.774138710814,36.182339520778","84770830","R"
"990322","1525 Falcon Road, East Bend, NC, 27018","Match","Exact","1525 FALCON RD, EAST BEND, NC, 27018","-80.554890770608,36.142344207762","656687217","L"
"290336","140 Jesse Green Road, Thomasville, NC, 27360","Match","Exact","140 JESSE GREEN RD, THOMASVILLE, NC, 27360","-80.133833289457,35.964441841213","633767366","L"
"620310","310 S Main, Troy, NC, 27371","Match","Non_Exact","310 S MAIN ST, TROY, NC, 27371","-79.893829679403,35.357051870827","20029308","L"
"260700","220 Hull Rd, Fayetteville, NC, 28303","Match","Exact","220 HULL RD, FAYETTEVILLE, NC, 28303","-78.920820522274,35.06489236942","64199757","R"
"850360","1165 Dodgetown Rd, Walnut Cove, NC, 27052","Match","Exact","1165 DODGETOWN RD, WALNUT COVE, NC, 27052","-80.181143477924,36.373464859521","656450004","L"
"350321","910 Cedar Creek Road, Franklinton, NC, 27525","Match","Exact","910 CEDAR CREEK RD, FRANKLINTON, NC, 27525","-78.434250218433,36.070927002273","629152383","L"
"130307","1355 Cox Mill Rd, Concord, NC, 28027","Match","Exact","1355 COX MILL RD, CONCORD, NC, 28027","-80.730283380786,35.394350696542","658686242","R"
"310352","1241 NC 24 & 50, Warsaw, NC, 28398","No_Match"
"280306","100 Veterans Drive, Kill Devil Hills, NC, 27948","Match","Exact","100 VETERANS DR, KILL DEVIL HILLS, NC, 27948","-75.664411655386,36.008697524961","81322236","R"
"310344","394 North NC Highway 111, Beulaville, NC, 28518","Match","Non_Exact","394 STATE HWY 111, BEULAVILLE, NC, 28518","-77.779665667186,34.935143539114","624438363","R"
"280304","48576  Highway 12, Buxton, NC, 27920","Match","Exact","48576 STATE HWY 12, BUXTON, NC, 27920","-75.549989597267,35.26537897237","81322002","R"
"850358","1400 Priddy Road, King, NC, 27021","Match","Exact","1400 PRIDDY RD, KING, NC, 27021","-80.372348257846,36.312127573878","56360742","L"
"360360","313 Ridge Avenue, Cherryville, NC, 28021","Match","Exact","313 RIDGE AVE, CHERRYVILLE, NC, 28021","-81.380745391781,35.388889472347","70369374","R"
"140348","1350 Panther Trail SE, Lenoir, NC, 28645","No_Match"
"110303","235 Old US 70, Swannanoa, NC, 28778","Match","Exact","235 OLD US HWY 70, SWANNANOA, NC, 28778","-82.405422081545,35.602053121864","36885603","L"
"350336","201 Allen Lane, Louisburg, NC, 27549","Match","Exact","201 ALLEN LN, LOUISBURG, NC, 27549","-78.299395067328,36.111170452677","90227904","L"
"030304","404 Trojan Avenue, Sparta, NC, 28675","Match","Exact","404 TROJAN AVE, SPARTA, NC, 28675","-81.123289293028,36.508906739712","154007452","L"
"260411","3200 Ramsey Street, Fayetteville, NC, 28301","Match","Exact","3200 RAMSEY ST, FAYETTEVILLE, NC, 28301","-78.877867286731,35.101574980534","64200777","R"
"980342","4559 Lamm Rd, Wilson, NC, 27893","Match","Exact","4559 LAMM RD, WILSON, NC, 27893","-77.995160259312,35.722655657201","26713390","L"
"910368","219 Charles Street, Henderson, NC, 27536","Match","Exact","219 CHARLES ST, HENDERSON, NC, 27536","-78.399162694434,36.326701381183","90271216","R"
"200350","Tri-County Early College High, Murphy, NC, 28906","No_Match"
"360378","101 Lakewood Rd, Belmont, NC, 28012","Match","Exact","101 LAKEWOOD RD, BELMONT, NC, 28012","-81.065268293146,35.246205135887","649751917","L"
"550344","2737 Lee Lawing Road, Lincolnton, NC, 28092","Match","Exact","2737 LEE LAWING RD, LINCOLNTON, NC, 28092","-81.114907760326,35.533141968292","69541048","L"
"120346","709 Lovelady Road NE, Valdese, NC, 28690","Match","Exact","709 LOVELADY RD NE, VALDESE, NC, 28690","-81.547619253628,35.761555181641","640112899","R"
"790378","180 High School Rd, Reidsville, NC, 27320","Match","Exact","180 HIGH SCHOOL RD, REIDSVILLE, NC, 27320","-79.742593969883,36.387175681716","56237795","L"
"790379","215 Wrenn Memorial Road, Wentworth, NC, 27375","No_Match"
"360494","906 South Point Road, Belmont, NC, 28012","No_Match"
"360372","1316 Spencer Mountain Road, Gastonia, NC, 28054","Match","Exact","1316 SPENCER MOUNTAIN RD, GASTONIA, NC, 28054","-81.133494607841,35.281220659352","70454251","R"
"190336","910 East Cardinal Street, Siler City, NC, 27344","Match","Exact","910 E CARDINAL ST, SILER CITY, NC, 27344","-79.45233833148,35.724092877039","71341911","L"
"820324","1801 Sunset Ave, Clinton, NC, 28329","Match","Non_Exact","1801 SUNSET AVE, CLINTON, NC, 28328","-78.358475442225,34.99165611344","652093601","L"
"600386","1411 Hawthorne Ln, Charlotte, NC, 28205","Match","Exact","1411 HAWTHORNE LN, CHARLOTTE, NC, 28205","-80.812344575638,35.228869673582","656486537","L"
"320356","4622 N Roxboro Street, Durham, NC, 27704","Match","Non_Exact","4622 ROXBORO RD, DURHAM, NC, 27712","-78.903112204564,36.059440085085","636546582","R"
"070330","7868 Free Union Church Road, Pinetown, NC, 27865","Match","Exact","7868 FREE UNION CHURCH RD, PINETOWN, NC, 27865","-76.729096799307,35.53797385878","635924979","L"
"780342","3901 Fayetteville Rd, Lumberton, NC, 28358","Match","Exact","3901 FAYETTEVILLE RD, LUMBERTON, NC, 28358","-78.999971622991,34.646557506685","49136675","R"
"980336","500 Harrison Dr N, Wilson, NC, 27893","Match","Exact","500 HARRISON DR N, WILSON, NC, 27893","-77.924351812267,35.75378982784","652499620","L"
"360390","1744 Lane Road, Mount Holly, NC, 28120","Match","Exact","1744 LANE RD, MOUNT HOLLY, NC, 28120","-81.076323615091,35.314373327941","70436561","R"
"550332","803 N Aspen St, Lincolnton, NC, 28092","Match","Exact","803 N ASPEN ST, LINCOLNTON, NC, 28092","-81.259016284293,35.478981374454","636564310","L"
"630360","1981 Union Church Rd, Cameron, NC, 28326","Match","Exact","1981 UNION CHURCH RD, CAMERON, NC, 28326","-79.342949510418,35.311455783455","653732673","R"
"260408","525 Andrews Road, Fayetteville, NC, 28311","Match","Exact","525 ANDREWS RD, FAYETTEVILLE, NC, 28311","-78.885541722026,35.156316242738","64253638","L"
"600490","4301 Sandy Porter Rd, Charlotte, NC, 28273","Match","Exact","4301 SANDY PORTER RD, CHARLOTTE, NC, 28273","-80.950911389602,35.157868169195","653476750","R"
"070339","5700 Hwy 33 East, Chocowinity, NC, 27817","Match","Exact","5700 STATE HWY 33 E, CHOCOWINITY, NC, 27817","-77.054143255407,35.443769204603","635921673","R"
"830348","615 W. Covington Street, Laurinburg, NC, 28352","Match","Exact","615 W COVINGTON ST, LAURINBURG, NC, 28352","-79.469903100225,34.773020770574","25784106","L"
"910370","925 Garrett Road, Henderson, NC, 27537","Match","Exact","925 GARRETT RD, HENDERSON, NC, 27537","-78.372723781329,36.300870706255","640596644","L"
"180308","5040 E Bandys Road, Catawba, NC, 28609","Match","Non_Exact","5040 E BANDYS CROSS RD, CATAWBA, NC, 28609","-81.087144579876,35.642584187109","45950817","L"
"600496","1430 Alleghany St, Charlotte, NC, 28208","Match","Exact","1430 ALLEGHANY ST, CHARLOTTE, NC, 28208","-80.893046496227,35.238454594484","70580082","R"
"600377","6800 Monroe Rd, Charlotte, NC, 28212","Match","Exact","6800 MONROE RD, CHARLOTTE, NC, 28212","-80.756638632306,35.176085108554","70508846","R"
"190342","310 Northwood High School Road, Pittsboro, NC, 27312","Match","Exact","310 NORTHWOOD HIGH SCHOOL RD, PITTSBORO, NC, 27312","-79.171888420386,35.755880872082","71340873","L"
"320365","3218 Rose of Sharon Road, Durham, NC, 27712","Match","Exact","3218 ROSE OF SHARON RD, DURHAM, NC, 27712","-78.943913617315,36.06230853617","640627603","R"
"320341","3507 Dearborn Drive, Durham, NC, 27704","Match","Exact","3507 DEARBORN DR, DURHAM, NC, 27704","-78.877812534481,36.038276589038","71741312","R"
"190316","14950 NC Hwy 902 W, Bear Creek, NC, 27207","No_Match"
"760388","3678 Finch Farm Rd, Trinity, NC, 27370","Match","Exact","3678 FINCH FARM RD, TRINITY, NC, 27370","-80.015694766347,35.837614361894","629144515","R"
"830343","1000 West Church St, Laurinburg, NC, 28352","Match","Exact","1000 W CHURCH ST, LAURINBURG, NC, 28352","-79.473765514653,34.775634773891","25798018","L"
"070342","400 Slatestone Road, Washington, NC, 27889","Match","Exact","400 SLATESTONE RD, WASHINGTON, NC, 27889","-77.012368817864,35.556165442596","655068314","L"
"550320","6471 Hwy 73, Denver, NC, 28037","No_Match"
"360396","5545 Union Road, Gastonia, NC, 28056","Match","Exact","5545 UNION RD, GASTONIA, NC, 28056","-81.136707047012,35.182845694291","70399630","R"
"600480","11201 Old Statesville Rd, Huntersville, NC, 28078","Match","Non_Exact","11201 S OLD STATESVILLE RD, HUNTERSVILLE, NC, 28078","-80.832694043261,35.372177143805","641597898","L"
"600482","1415 Beatties Ford Rd, Charlotte, NC, 28216","Match","Exact","1415 BEATTIES FORD RD, CHARLOTTE, NC, 28216","-80.855759742561,35.256330077888","70477303","L"
"910382","200 Community College Rd, Henderson, NC, 27537","No_Match"
"600364","1411 Hawthorne Lane, Ste A, Charlotte, NC, 28205","Match","Non_Exact","1411 HAWTHORNE LN, CHARLOTTE, NC, 28205","-80.812344575638,35.228869673582","656486537","L"
"470443","1110 East Central Avenue, Raeford, NC, 28376","Match","Exact","1110 E CENTRAL AVE, RAEFORD, NC, 28376","-79.211199090642,34.978264107034","76172311","L"
"270306","4203 Caratoke Hwy, Barco, NC, 27917","Match","Exact","4203 CARATOKE HWY, BARCO, NC, 27917","-75.971142802144,36.373332446457","636598005","L"
"740309","7653 NC 11 South, Ayden, NC, 28513","No_Match"
"980318","4510 Old Stantonsburg Rd, Wilson, NC, 27893","Match","Exact","4510 OLD STANTONSBURG RD, WILSON, NC, 27893","-77.875432145973,35.662218270824","26729811","L"
"760380","5746 Trinity High Drive, Trinity, NC, 27370","Match","Non_Exact","5746 TRINITY HIGH SCHOOL DR, TRINITY, NC, 27370","-79.997991199754,35.893391110369","20435818","L"
"120314","3695 East Burke Boulevard, Connelly Springs, NC, 28612","Match","Exact","3695 E BURKE BLVD, CONNELLY SPRINGS, NC, 28612","-81.481147931281,35.724455202339","627143626","R"
"760382","1463 Pleasant Union Road, Trinity, NC, 27370","Match","Exact","1463 PLEASANT UNION RD, TRINITY, NC, 27370","-79.991067647774,35.716605606222","20426902","R"
"120310","1001 Burkemont Ave, Morganton, NC, 28655","No_Match"
"600592","7600 IBM Dr, Charlotte, NC, 28262","Match","Exact","7600 IBM DR, CHARLOTTE, NC, 28262","-80.771543016866,35.303358400729","614168499","R"
"600594","12010 Verhoeff Dr, Huntersville, NC, 28078","No_Match"
"120318","511 Independence Boulevard, Morganton, NC, 28655","Match","Exact","511 INDEPENDENCE BLVD, MORGANTON, NC, 28655","-81.72142650902,35.745768949688","37167320","R"
"600457","10505 Clear Creek Commerce Dr, Mint Hill, NC, 28227","Match","Exact","10505 CLEAR CREEK COMMERCE DR, MINT HILL, NC, 28227","-80.638036221497,35.213364540559","641600463","R"
"600579","7400 Tuckaseegee Rd, Charlotte, NC, 28214","Match","Exact","7400 TUCKASEEGEE RD, CHARLOTTE, NC, 28214","-80.9509759856,35.246777482378","70474340","R"
"840368","306 East Red Cross Road, Oakboro, NC, 28129","Match","Exact","306 E RED CROSS RD, OAKBORO, NC, 28129","-80.347251813004,35.269011652373","639432474","R"
"290388","200 Dragon Drive, Lexington, NC, 27295","Match","Exact","200 DRAGON DR, LEXINGTON, NC, 27295","-80.371971784842,35.804590062625","635483940","L"
"290389","2065 E. Holly Grove Road, Lexington, NC, 27292","Match","Exact","2065 E HOLLY GROVE RD, LEXINGTON, NC, 27292","-80.189743439908,35.816752788661","20217896","L"
"410489","7101 Spencer Dixon Road, Greensboro, NC, 27455","Tie"
"292324","410 Unity Street, Thomasville, NC, 27360","Match","Exact","410 UNITY ST, THOMASVILLE, NC, 27360","-80.080337118638,35.898600793205","20241720","L"
"260455","277 Bonanza Drive, Fayetteville, NC, 28303","Match","Exact","277 BONANZA DR, FAYETTEVILLE, NC, 28303","-78.987552850659,35.083377990715","64227207","L"
"040304","177 Ledbetter Street, Polkton, NC, 28135","Match","Non_Exact","177 LEDBETTER RD, POLKTON, NC, 28135","-80.212540525166,35.108747637226","647169027","L"
"750318","1681 East NC 108 Hwy, Columbus, NC, 28722","No_Match"
"040306","96 Anson High School Road, Wadesboro, NC, 28170","No_Match"
"320317","301 Crutchfield St, Durham, NC, 27704","Match","Exact","301 CRUTCHFIELD ST, DURHAM, NC, 27704","-78.902341273601,36.038783640596","639462569","L"
"600582","2400 Carmine St, Charlotte, NC, 28206","Match","Exact","2400 CARMINE ST, CHARLOTTE, NC, 28206","-80.840478767367,35.266779687645","70478638","R"
"600341","6200 Starhaven Dr, Charlotte, NC, 28215","Match","Exact","6200 STARHAVEN DR, CHARLOTTE, NC, 28215","-80.751389548709,35.247790988985","70482029","R"
"840370","1121 Austin St, Albemarle, NC, 28001","Match","Exact","1121 AUSTIN ST, ALBEMARLE, NC, 28001","-80.209623006105,35.361929707842","14099942","L"
"320314","5001 Red Mill Rd, Durham, NC, 27704","Match","Exact","5001 RED MILL RD, DURHAM, NC, 27704","-78.820930002278,36.071783891861","71748289","L"
"690320","601 Main Street, Bayboro, NC, 28515","Match","Exact","601 MAIN ST, BAYBORO, NC, 28515","-76.813726856883,35.145670552474","67917649","R"
"750317","1545 East NC 108 Hwy, Columbus, NC, 28722","Match","Non_Exact","1545 STATE HWY 108, COLUMBUS, NC, 28722","-82.222197576408,35.239735018546","635938662","R"
"410490","5240 Northwest School Road, Greensboro, NC, 27409","Match","Exact","5240 NW SCHOOL RD, GREENSBORO, NC, 27409","-79.95457769311,36.153803369229","658723512","L"
"600466","2400 Colony Rd, Charlotte, NC, 28209","Match","Exact","2400 COLONY RD, CHARLOTTE, NC, 28209","-80.831921392825,35.17305622967","653473342","R"
"600567","9000 Robert Snyder Rd, Charlotte, NC, 28262","Match","Non_Exact","9000 ROBERT D SNYDER RD, CHARLOTTE, NC, 28262","-80.744635163868,35.309468426142","648379583","R"
"540336","3355 Old Hwy 11 South, Deep Run, NC, 28525","Match","Non_Exact","3355 OLD HWY 11, DEEP RUN, NC, 28525","-77.705084923241,35.145927016309","631978139","R"
"600569","9000 Robert D. Snyder Rd, Charlotte, NC, 28262","Match","Exact","9000 ROBERT D SNYDER RD, CHARLOTTE, NC, 28262","-80.744635163868,35.309468426142","648379583","R"
"111302","419 McDowell Street, Asheville, NC, 28803","Match","Exact","419 MCDOWELL ST, ASHEVILLE, NC, 28803","-82.550619140528,35.573692675282","36846524","R"
"132304","415 Martin Luther King Jr Ave, Kannapolis, NC, 28083","No_Match"
"820349","245 Lakewood School Rd, Salemburg, NC, 28385","Match","Exact","245 LAKEWOOD SCHOOL RD, SALEMBURG, NC, 28385","-78.501978491552,34.98953401206","14267381","L"
"260322","1624 Ireland Drive, Fayetteville, NC, 28304","Match","Exact","1624 IRELAND DR, FAYETTEVILLE, NC, 28304","-78.946757725797,35.033807418232","64199344","R"
"810324","1603 Chase High Rd, Forest City, NC, 28043","Match","Exact","1603 CHASE HIGH RD, FOREST CITY, NC, 28043","-81.84483791526,35.251422484041","656457028","R"
"780385","5170 Fayetteville Road, Lumberton, NC, 28360","Match","Non_Exact","5170 FAYETTEVILLE RD, LUMBERTON, NC, 28358","-79.003244165309,34.667165543447","608081771","L"
"820348","12201 Hobbton Hwy, Newton Grove, NC, 28366","Match","Exact","12201 HOBBTON HWY, NEWTON GROVE, NC, 28366","-78.32819598819,35.17823608529","14248276","L"
"330358","1400 Howard Avenue, Tarboro, NC, 27886","Match","Non_Exact","1400 W HOWARD AVE, TARBORO, NC, 27886","-77.556903507332,35.900968265951","90178781","L"
"260325","4762 Clinton Road, Fayetteville, NC, 28312","Match","Exact","4762 CLINTON RD, FAYETTEVILLE, NC, 28312","-78.762164070091,35.036478257308","640608334","R"
"260446","2301 Fort Bragg Road, Fayetteville, NC, 28303","Match","Exact","2301 FORT BRAGG RD, FAYETTEVILLE, NC, 28303","-78.915104523468,35.065778400534","64199784","L"
"760354","629 Industrial Park Avenue, Asheboro, NC, 27205","Match","Exact","629 INDUSTRIAL PARK AVE, ASHEBORO, NC, 27205","-79.829791657245,35.673902978383","20449248","R"
"760358","1641 Hopewell Friends Rd, Asheboro, NC, 27205","Match","Exact","1641 HOPEWELL FRIENDS RD, ASHEBORO, NC, 27205","-79.868920337376,35.626898657339","20430067","L"
"100307","50 College Road NE, Bolivia, NC, 28422","Match","Exact","50 COLLEGE RD NE, BOLIVIA, NC, 28422","-78.232210887592,34.039530930013","656624293","R"
"530306","504 Bragg Street, Sanford, NC, 27330","Match","Exact","504 BRAGG ST, SANFORD, NC, 27330","-79.160272050455,35.481242738479","635304185","L"
"490380","213 Warrior Dr, Statesville, NC, 28625","Match","Exact","213 WARRIOR DR, STATESVILLE, NC, 28625","-80.991138402911,35.789702604171","45983736","L"
"800400","1655 Patterson St, China Grove, NC, 28023","Match","Exact","1655 PATTERSON ST, CHINA GROVE, NC, 28023","-80.609826389783,35.574414367279","25280307","L"
"780391","509 N Vance Street, Red Springs, NC, 28377","Match","Exact","509 N VANCE ST, RED SPRINGS, NC, 28377","-79.184887488897,34.823823509229","608080647","L"
"320325","3727 Fayetteville St, Durham, NC, 27707","Match","Non_Exact","3727 FAYETTEVILLE RD, DURHAM, NC, 27707","-78.905252376625,35.952600659186","71741059","L"
"320322","401 North Driver Street, Durham, NC, 27703","Match","Exact","401 N DRIVER ST, DURHAM, NC, 27703","-78.87842528336,35.988918538651","71742908","L"
"820352","15274 Spiveys Corner Highway, Newton Grove, NC, 28366","Match","Exact","15274 SPIVEYS CORNER HWY, NEWTON GROVE, NC, 28366","-78.477248868778,35.173773161337","652170121","R"
"320323","401 North Duke Street, Durham, NC, 27701","Match","Exact","401 N DUKE ST, DURHAM, NC, 27701","-78.906370071349,36.002476773648","636546907","L"
"470312","505 S Bethel Road, Raeford, NC, 28376","Match","Exact","505 S BETHEL RD, RAEFORD, NC, 28376","-79.234217047408,34.973382821369","76186407","R"
"600576","2219 Senior Dr, Charlotte, NC, 28216","Match","Exact","2219 SENIOR DR, CHARLOTTE, NC, 28216","-80.857269029771,35.264873519074","70477184","L"
"600334","8120 Grier Rd, Charlotte, NC, 28215","Match","Exact","8120 GRIER RD, CHARLOTTE, NC, 28215","-80.730385387182,35.266509189387","642241004","R"
"540324","2400 Institute Road, La Grange, NC, 28551","Match","Exact","2400 INSTITUTE RD, LA GRANGE, NC, 28551","-77.675982811268,35.340994447277","13873846","L"
"821308","340 Indian Town Road, Clinton, NC, 28328","Match","Exact","340 INDIAN TOWN RD, CLINTON, NC, 28328","-78.33013647579,34.974451211829","640608890","L"
"600439","8701 Moores Chapel Rd, Charlotte, NC, 28214","Match","Exact","8701 MOORES CHAPEL RD, CHARLOTTE, NC, 28214","-80.950348002613,35.27494910607","70581706","L"
"120370","701 Enola Road, Morganton, NC, 28655","Match","Exact","701 ENOLA RD, MORGANTON, NC, 28655","-81.671748937804,35.701557654543","37193238","R"
"760348","4396 Tigers Den Rd, Randleman, NC, 27317","Match","Exact","4396 TIGERS DEN RD, RANDLEMAN, NC, 27317","-79.823725581611,35.825346661327","640518480","R"
"260318","7403 Rockfish Road, Fayetteville, NC, 28306","Match","Exact","7403 ROCKFISH RD, FAYETTEVILLE, NC, 28306","-79.013492990413,34.981017810328","658804348","L"
"330350","5912 NC 43 North, Pinetops, NC, 27864","Match","Exact","5912 STATE HWY 43 N, PINETOPS, NC, 27864","-77.66046259893,35.836246793824","90188415","R"
"550368","172 Shoal Rd, Lincolnton, NC, 28092","Match","Exact","172 SHOAL RD, LINCOLNTON, NC, 28092","-81.387677534517,35.485011026631","69525925","L"
"340385","2700 S. Main Street, Winston-Salem, NC, 27127","Match","Exact","2700 S MAIN ST, WINSTON SALEM, NC, 27127","-80.238777270115,36.063049195884","84611720","R"
"600443","2800 Campus Ridge Rd, Matthews, NC, 28105","Match","Exact","2800 CAMPUS RIDGE RD, MATTHEWS, NC, 28105","-80.692531210979,35.104329516052","640628562","L"
"410394","801 N Josephine Boyd St., Greensboro, NC, 27408","No_Match"
"600445","3825 Johnston Oehler Rd, Charlotte, NC, 28269","Match","Exact","3825 JOHNSTON OEHLER RD, CHARLOTTE, NC, 28269","-80.770288418355,35.365846531008","658731184","L"
"540315","2601 N Queen St, Kinston, NC, 28501","Match","Exact","2601 N QUEEN ST, KINSTON, NC, 28501","-77.577876105743,35.295379544166","13882315","R"
"600426","1967 Patriot Dr, Charlotte, NC, 28227","Match","Exact","1967 PATRIOT DR, CHARLOTTE, NC, 28227","-80.685848779771,35.197490798977","649584575","L"
"760339","5555 Mack Lineberry Rd, Climax, NC, 27233","Match","Exact","5555 MACK LINEBERRY RD, CLIMAX, NC, 27233","-79.711700461743,35.848377810532","651482923","L"
"340382","1600 Union Cross Road, Kernersville, NC, 27284","Match","Exact","1600 UNION CROSS RD, KERNERSVILLE, NC, 27284","-80.111664282896,36.069306737367","601424760","R"
"260424","6764 Raeford Road, Fayetteville, NC, 28304","Match","Exact","6764 RAEFORD RD, FAYETTEVILLE, NC, 28304","-79.005643051001,35.037970156047","658670959","L"
"260427","4184 Elk Road, Hope Mills, NC, 28348","Match","Exact","4184 ELK RD, HOPE MILLS, NC, 28348","-78.925734629671,34.979502996281","656480319","R"
"540317","231 Hwy 58 South, Kinston, NC, 28502","No_Match"
"740501","Brewster D107, Mailstop 139, Greenville, NC, 27858","No_Match"
"740500","Pitt Community College, Winterville, NC, 28590","No_Match"
"761304","1221 S Park St, Asheboro, NC, 27203","Match","Exact","1221 S PARK ST, ASHEBORO, NC, 27203","-79.820191759694,35.690443445285","20406402","R"
"490362","299 Old Mountain Rd, Statesville, NC, 28677","Match","Exact","299 OLD MOUNTAIN RD, STATESVILLE, NC, 28677","-80.907215021425,35.716823730412","656553753","L"
"340496","301 N Hawthorne Road, Winston Salem, NC, 27104","Match","Non_Exact","301 HAWTHORNE RD N, WINSTON SALEM, NC, 27104","-80.266568755276,36.100855917828","636641247","R"
"600312","12420 Bailey Rd, Cornelius, NC, 28031","Match","Exact","12420 BAILEY RD, CORNELIUS, NC, 28031","-80.831823584402,35.469415801245","647240540","R"
"970320","13315 Elkin Hwy 268, Ronda, NC, 28670","Match","Exact","13315 ELKIN HIGHWAY 268, RONDA, NC, 28670","-80.923693679969,36.229651808064","656559388","L"
