agency_code,address_street,address_city,address_state,address_zip,latitude,longitude,geocode_status
260322,1624 Ireland Drive,Fayetteville,NC,28304,35.033807418232,-78.946757725797,Match
260325,4762 Clinton Road,Fayetteville,NC,28312,35.036478257308,-78.762164070091,Match
260388,1062 Southern Avenue,Fayetteville,NC,28306,35.031489371669,-78.893908298378,Match
260408,525 Andrews Road,Fayetteville,NC,28311,35.156316242738,-78.885541722026,Match
260424,6764 Raeford Road,Fayetteville,NC,28304,35.037970156047,-79.005643051001,Match
260427,4184 Elk Road,Hope Mills,NC,28348,34.979502996281,-78.925734629671,Match
260455,277 Bonanza Drive,Fayetteville,NC,28303,35.083377990715,-78.987552850659,Match
260359,1800 Seabrook Road,Fayetteville,NC,28301,35.082920328217,-78.896277780035,Match
260411,3200 Ramsey Street,Fayetteville,NC,28301,35.101574980534,-78.877867286731,Match
260446,2301 Fort Bragg Road,Fayetteville,NC,28303,35.065778400534,-78.915104523468,Match
260318,7403 Rockfish Road,Fayetteville,NC,28306,34.981017810328,-79.013492990413,Match
260357,5301 Celebration Drive,Hope Mills,NC,28348,34.925154860232,-78.9083191814,Match
260354,1200 Murchison Road,Fayetteville,NC,28301,35.070357565114,-78.893507835765,Match
260700,220 Hull Rd,Fayetteville,NC,28303,35.06489236942,-78.920820522274,Match
260374,1429 Skibo Road,Fayetteville,NC,28303,35.083120862889,-78.95333741454,Match
260347,1200 Murchison Rd,Fayetteville,NC,28301,35.070357565114,-78.893507835765,Match
740309,7653 NC 11 South,Ayden,NC,28513,,,No_Match
740333,2006 Worthington Rd,Greenville,NC,27858,35.531692142243,-77.326543449414,Match
740344,3308 E Wilson Street,Farmville,NC,27828,35.592166441466,-77.573140460279,Match
740374,5659 NC 11 North,Bethel,NC,27812,35.750525035137,-77.362173548911,Match
740366,600 W Arlington Blvd,Greenville,NC,27834,,,No_Match
740388,570 W Forlines Road,Winterville,NC,28590,35.539521813222,-77.428581657474,Match
740500,Pitt Community College,Winterville,NC,28590,,,No_Match
740501,"Brewster D107, Mailstop 139",Greenville,NC,27858,,,No_Match
010324,4040 Mebane Rogers,Mebane,NC,27302,36.112800481253,-79.302801674126,Match
010348,903 Trollinger Road,Graham,NC,27253,36.076162903961,-79.383788350154,Match
010388,631 Southern High School Road,Graham,NC,27253,36.001133743556,-79.407247834219,Match
010400,1731 N NC 87,Elon,NC,27244,,,No_Match
010360,2200 N Mebane Street,Burlington,NC,27217,36.092208464251,-79.398774581198,Match
010396,1307 S Church Street,Burlington,NC,27215,36.087020951124,-79.451528841474,Match
010378,609 Ray Street,Graham,NC,27253,36.06269165515,-79.394940729872,Match
010303,1247 Jimmie Kerr Road,Graham,NC,27253,,,No_Match
010311,2550 Buckingham Road,Burlington,NC,27217,36.09307864105,-79.385015247498,Match
020302,223 School Drive,Taylorsville,NC,28681,35.917866854368,-81.190381105555,Match
020303,345 Industrial Blvd,Taylorsville,NC,28681,35.91038719118,-81.180525586893,Match
030304,404 Trojan Avenue,Sparta,NC,28675,36.508906739712,-81.123289293028,Match
040306,96 Anson High School Road,Wadesboro,NC,28170,,,No_Match
040304,177 Ledbetter Street,Polkton,NC,28135,35.108747637226,-80.212540525166,Match
050302,184 Campus Drive,West Jefferson,NC,28694,36.393138724931,-81.479958930863,Match
050303,363 Campus Dr,West Jefferson,NC,28694,36.393669277763,-81.477371706233,Match
761304,1221 S Park St,Asheboro,NC,27203,35.690443445285,-79.820191759694,Match
111302,419 McDowell Street,Asheville,NC,28803,35.573692675282,-82.550619140528,Match
060302,401 Avery County High School R,Newland,NC,28657,,,No_Match
070342,400 Slatestone Road,Washington,NC,27889,35.556165442596,-77.012368817864,Match
070330,7868 Free Union Church Road,Pinetown,NC,27865,35.53797385878,-76.729096799307,Match
070339,5700 Hwy 33 East,Chocowinity,NC,27817,35.443769204603,-77.054143255407,Match
070311,5337 Hwy 264 East,Washington,NC,27889,35.602015199789,-77.125487592614,Match
080312,716 US Hwy 13 North,Windsor,NC,27983,36.050858883442,-76.970526642222,Match
080311,717 US Hwy 13 North,Windsor,NC,27983,35.940924685613,-76.96271048957,Match
090330,5600 NC Hwy 87 East,Elizabethtown,NC,28337,34.58151821996,-78.531581049768,Match
090368,1600 NC Hwy 410,Bladenboro,NC,28320,34.638240651004,-78.738943403499,Match
090376,7418 NC Highway 41 West,Dublin,NC,28332,,,No_Match
100326,114 Scorpion Drive,Leland,NC,28451,34.238311720463,-78.024355007344,Match
100334,280 Cougar Drive BSL,Southport,NC,28461,34.008789934591,-78.050815025773,Match
100348,550 Whiteville Road NW,Shallotte,NC,28470,,,No_Match
100307,50 College Road NE,Bolivia,NC,28422,34.039530930013,-78.232210887592,Match
110352,475 Enka Lake Road,Candler,NC,28715,35.53239013029,-82.667237435473,Match
110380,890 Clarks Chapel Road,Weaverville,NC,28787,35.735083146035,-82.558363174459,Match
110303,235 Old US 70,Swannanoa,NC,28778,35.602053121864,-82.405422081545,Match
120314,3695 East Burke Boulevard,Connelly Springs,NC,28612,35.724455202339,-81.481147931281,Match
120318,511 Independence Boulevard,Morganton,NC,28655,35.745768949688,-81.72142650902,Match
120308,205 South Main Street,Drexel,NC,28619,,,No_Match
120370,701 Enola Road,Morganton,NC,28655,35.701557654543,-81.671748937804,Match
120346,709 Lovelady Road NE,Valdese,NC,28690,35.761555181641,-81.547619253628,Match
120310,1001 Burkemont Ave,Morganton,NC,28655,,,No_Match
130310,505 Hwy 49 S,Concord,NC,28025,,,No_Match
130324,700 Walker Road,Mount Pleasant,NC,28124,35.4095024815,-80.47922219221,Match
130326,5130 NW Cabarrus Drive,Concord,NC,28027,35.453924214924,-80.664954703891,Match
130314,481 Burrage Road NE,Concord,NC,28025,35.435739264493,-80.58072537924,Match
130317,120 Marsh Avenue NW,Concord,NC,28025,35.412898092765,-80.588799897109,Match
130316,300 Pitts School Road SW,Concord,NC,28027,35.357882196306,-80.659464358179,Match
130332,7321 Raging Ridge Road,Harrisburg,NC,28075,35.309718798805,-80.636936331329,Match
130333,4521 Weddington Road,Concord,NC,28027,35.398627860398,-80.653215140758,Match
130307,1355 Cox Mill Rd,Concord,NC,28027,35.394350696542,-80.730283380786,Match
130349,670 Concord Parkway North,Concord,NC,28027,35.417298719299,-80.614024332744,Match
130339,4100 Weddington Rd,Concord,NC,28027,35.398521849675,-80.646772511309,Match
140348,1350 Panther Trail SE,Lenoir,NC,28645,,,No_Match
140386,7035 Spartan Drive,Hudson,NC,28638,35.82361806818,-81.452439305874,Match
140390,300 W Caldwell Drive,Lenoir,NC,28645,,,No_Match
140306,1889 Dudley Shoals Road,Granite Falls,NC,28630,35.865008281838,-81.368796879955,Match
140305,2857 Hickory Boulevard,Hudson,NC,28638,35.855095162238,-81.483192398846,Match
140309,2859 Hickory Blvd SW,Hudson,NC,28638,35.855080004254,-81.48317745346,Match
150304,103 US 158 W,Camden,NC,27921,,,No_Match
150350,103-A US Highway 158 West,Camden,NC,27921,,,No_Match
160313,3263 Hwy 70 E,Beaufort,NC,28516,34.781353499239,-76.626089874036,Match
160344,4700 Country Club Rd,Morehead City,NC,28557,34.736194705012,-76.783383167426,Match
160314,1 Cougar Ln,Newport,NC,28570,,,No_Match
160309,140 Vashti Dr,Morehead City,NC,28557,34.738783771865,-76.791991890544,Match
170316,466 Main Street E,Yanceyville,NC,27379,36.405549501061,-79.341939419817,Match
180308,5040 E Bandys Road,Catawba,NC,28609,35.642584187109,-81.087144579876,Match
180320,4675 Oxford School Road,Claremont,NC,28610,,,No_Match
180340,3407 Plateau Road,Newton,NC,28658,35.618493854375,-81.370595851153,Match
180348,600 West Main Street,Maiden,NC,28650,35.580923066517,-81.221694094567,Match
180376,3205 34th Street Drive NE,Hickory,NC,28601,35.770972667333,-81.267601318381,Match
180325,2550 Hwy 70 SE,Hickory,NC,28602,35.72211289117,-81.382518881297,Match
681308,9217 Seawell School Rd,Chapel Hill,NC,27516,35.945039890609,-79.07563724369,Match
681314,500 Weaver Dairy Rd,Chapel Hill,NC,27514,35.960444974227,-79.031600979286,Match
681305,201 Rock Haven Rd,Carrboro,NC,27510,35.891862925823,-79.083993715284,Match
681338,750 S Merritt Mill Rd,Chapel Hill,NC,27516,35.903285813177,-79.066392189158,Match
190316,14950 NC Hwy 902 W,Bear Creek,NC,27207,,,No_Match
190336,910 East Cardinal Street,Siler City,NC,27344,35.724092877039,-79.45233833148,Match
190342,310 Northwood High School Road,Pittsboro,NC,27312,35.755880872082,-79.171888420386,Match
200308,50 High School Drive,Andrews,NC,28901,35.196240620232,-83.824046125436,Match
200328,234 High School Circle,Murphy,NC,28906,,,No_Match
200322,The Oaks Academy,Murphy,NC,28906,,,No_Match
200314,267 Blue Eagle Circle,Murphy,NC,28906,,,No_Match
200350,Tri-County Early College High,Murphy,NC,28906,,,No_Match
210312,701 North Oakum Street,Edenton,NC,27932,,,No_Match
220310,205 Yellow Jacket Drive,Hayesville,NC,28904,35.040601786558,-83.815598107779,Match
230312,307 E Stagecoach Trail,Lawndale,NC,28090,35.420008542522,-81.530218791085,Match
230324,800 Old Boiling Springs Road,Shelby,NC,28152,35.269967522708,-81.60981694996,Match
230330,409 West Sumter Street,Shelby,NC,28150,35.293475782345,-81.545125446938,Match
230350,500 Phifer Road,Kings Mountain,NC,28086,35.233653026206,-81.368818159471,Match
230361,230 E Dixon Boulevard,Shelby,NC,28152,35.277842982709,-81.539550859999,Match
821308,340 Indian Town Road,Clinton,NC,28328,34.974451211829,-78.33013647579,Match
240334,32 Gator Lane,Lake Waccamaw,NC,28450,,,No_Match
240371,40 Stallion Drive,Tabor City,NC,28463,34.173466836904,-78.815492126768,Match
240380,7294 Andrew Jackson Hwy SW,Cerro Gordo,NC,28430,,,No_Match
240373,4564 Chadbourn Hwy,Whiteville,NC,28472,34.329927966857,-78.781663105585,Match
270306,4203 Caratoke Hwy,Barco,NC,27917,36.373332446457,-75.971142802144,Match
280304,48576  Highway 12,Buxton,NC,27920,35.26537897237,-75.549989597267,Match
280316,829 Wingina Avenue,Manteo,NC,27954,35.915381005909,-75.675435998317,Match
280306,100 Veterans Drive,Kill Devil Hills,NC,27948,36.008697524961,-75.664411655386,Match
280330,100 Veterans Drive,Kill Devil Hills,NC,27948,36.008697524961,-75.664411655386,Match
290308,2747 NC Hwy 47,Lexington,NC,27292,35.739413715818,-80.222941943528,Match
290314,2061 E Holly Grove Road,Lexington,NC,27292,35.816772074469,-80.189798094587,Match
290324,1408 Lake Road,Thomasville,NC,27360,35.851308797922,-80.101509869997,Match
290336,140 Jesse Green Road,Thomasville,NC,27360,35.964441841213,-80.133833289457,Match
290348,7227 Old US Hwy 52,Lexington,NC,27295,35.922747871001,-80.246726467274,Match
290388,200 Dragon Drive,Lexington,NC,27295,35.804590062625,-80.371971784842,Match
290365,14956 South NC Hwy 109,Denton,NC,27239,,,No_Match
290315,297 DCCC Road,Thomasville,NC,27360,,,No_Match
290389,2065 E. Holly Grove Road,Lexington,NC,27292,35.816752788661,-80.189743439908,Match
290349,3507 Midway School Rd,Winston-Salem,NC,27107,35.941774497681,-80.164408570758,Match
300312,180 War Eagle Drive,Mocksville,NC,27028,,,No_Match
300314,1211 Salisbury Road,Mocksville,NC,27028,35.872809091047,-80.554247648469,Match
310344,394 North NC Highway 111,Beulaville,NC,28518,34.935143539114,-77.779665667186,Match
310352,1241 NC 24 & 50,Warsaw,NC,28398,,,No_Match
310364,1388 West NC 403 Highway,Mt. Olive,NC,28365,35.134211586679,-78.083973216557,Match
310392,602 High School Road,Teachey,NC,28464,34.770708718257,-77.99803119517,Match
310338,212 James Sprunt Dr,Kenansville,NC,28349,34.94572161658,-77.978371324334,Match
320325,3727 Fayetteville St,Durham,NC,27707,35.952600659186,-78.905252376625,Match
320314,5001 Red Mill Rd,Durham,NC,27704,36.071783891861,-78.820930002278,Match
320356,4622 N Roxboro Street,Durham,NC,27704,36.059440085085,-78.903112204564,Match
320323,401 North Duke Street,Durham,NC,27701,36.002476773648,-78.906370071349,Match
320365,3218 Rose of Sharon Road,Durham,NC,27712,36.06230853617,-78.943913617315,Match
320341,3507 Dearborn Drive,Durham,NC,27704,36.038276589038,-78.877812534481,Match
320701,3727 Fayetteville St,Durham,NC,27707,35.952600659186,-78.905252376625,Match
320322,401 North Driver Street,Durham,NC,27703,35.988918538651,-78.87842528336,Match
320317,301 Crutchfield St,Durham,NC,27704,36.038783640596,-78.902341273601,Match
330328,7589 NC 33-NW,Tarboro,NC,27886,35.990358542806,-77.580745921011,Match
330350,5912 NC 43 North,Pinetops,NC,27864,35.836246793824,-77.66046259893,Match
330358,1400 Howard Avenue,Tarboro,NC,27886,35.900968265951,-77.556903507332,Match
330326,2009 West Wilson St,Tarboro,NC,27886,35.880939528641,-77.573219788806,Match
861308,334 Elk Spur St,Elkin,NC,28621,36.245379243218,-80.86053724608,Match
340332,910 Highland Court,Winston Salem,NC,27101,36.106523049209,-80.233240976209,Match
340330,3545 Carver School Road,Winston Salem,NC,27105,36.134396600735,-80.208749416085,Match
340364,2500 W Mountain Street,Kernersville,NC,27284,36.12136516323,-80.150866109604,Match
340382,1600 Union Cross Road,Kernersville,NC,27284,36.069306737367,-80.111664282896,Match
340454,342 Petree Road,Winston Salem,NC,27106,36.127841846594,-80.315029804335,Match
340486,1600 Brewer Road,Winston Salem,NC,27127,36.055023834876,-80.256917059279,Match
340496,301 N Hawthorne Road,Winston Salem,NC,27104,36.100855917828,-80.266568755276,Match
340556,1735 Lewisville-Clemmons,Clemmons,NC,27012,36.064185457094,-80.389286184254,Match
340488,890 E 11th Street,Winston Salem,NC,27101,36.107990854615,-80.234546594351,Match
340446,2100 Silas Creek Parkway,Winston-Salem,NC,27103,36.069719359513,-80.268480040888,Match
340568,1215 North Cameron Avenue,Winston-Salem,NC,27101,36.109729701057,-80.222472852879,Match
340385,2700 S. Main Street,Winston-Salem,NC,27127,36.063049195884,-80.238777270115,Match
340362,2100 Silas Creek Prky,Winston Salem,NC,27103,36.069719359513,-80.268480040888,Match
340542,5240 Sullivantown Road,Walkertown,NC,27051,36.177707830883,-80.147963509472,Match
350308,29 Bunn Elem School Road,Bunn,NC,27508,,,No_Match
350336,201 Allen Lane,Louisburg,NC,27549,36.111170452677,-78.299395067328,Match
350321,910 Cedar Creek Road,Franklinton,NC,27525,36.070927002273,-78.434250218433,Match
350317,8150 NC Highway 56,Louisburg,NC,27549,36.086788907429,-78.328509402406,Match
360310,2222 S New Hope Road,Gastonia,NC,28054,35.242494598665,-81.129130534384,Match
360336,119 Yellow Jacket Lane,Bessemer City,NC,28016,35.298134002981,-81.281330927299,Match
360360,313 Ridge Avenue,Cherryville,NC,28021,35.388889472347,-81.380745391781,Match
360390,1744 Lane Road,Mount Holly,NC,28120,35.314373327941,-81.076323615091,Match
360428,1518 Edgefield Avenue,Gastonia,NC,28052,,,No_Match
360470,1133 Ratchford Road,Dallas,NC,28034,35.335562319304,-81.177247836802,Match
360494,906 South Point Road,Belmont,NC,28012,,,No_Match
360372,1316 Spencer Mountain Road,Gastonia,NC,28054,35.281220659352,-81.133494607841,Match
360396,5545 Union Road,Gastonia,NC,28056,35.182845694291,-81.136707047012,Match
360418,1600 N Morris Street,Gastonia,NC,28052,,,No_Match
360337,201 Hwy 321 South,Dallas,NC,28034,,,No_Match
360378,101 Lakewood Rd,Belmont,NC,28012,35.246205135887,-81.065268293146,Match
360342,300 Rhodes Perimeter Drive,Dallas,NC,28034,35.310942160054,-81.191309590415,Match
370312,088 Hwy 158 West,Gatesville,NC,27938,36.446233900226,-76.70667161084,Match
380308,301 Sweetwater Road,Robbinsville,NC,28771,35.325482941257,-83.798367832277,Match
390324,3200 Webb School Rd,Oxford,NC,27565,36.339689053942,-78.600044042483,Match
390322,2043 Sanders Rd,Stem,NC,27581,36.207660751623,-78.687125880543,Match
390323,1552 South Campus Dr,Creedmoor,NC,27522,36.142025363986,-78.721105002577,Match
390352,701 N Crescent Dr,Creedmoor,NC,27522,36.124748986544,-78.673586334626,Match
400308,140 School Drive,Snow Hill,NC,28580,35.480641395927,-77.67086187859,Match
400315,818 Highway 91,Snow Hill,NC,28580,35.47582120003,-77.671581207067,Match
410394,801 N Josephine Boyd St.,Greensboro,NC,27408,,,No_Match
410544,2407 South Holden Road,Greensboro,NC,27407,36.035940571408,-79.849721648481,Match
410358,415 Peeden Drive,Gibsonville,NC,27249,36.09289114909,-79.613387076127,Match
410529,1000 Lucy Ragsdale Drive,Jamestown,NC,27282,35.994622137403,-79.91200356967,Match
410484,6700 McLeansville Road,McLeansville,NC,27301,36.157703422709,-79.67371855319,Match
410490,5240 Northwest School Road,Greensboro,NC,27409,36.153803369229,-79.95457769311,Match
410547,4530 Southeast School Road,Greensboro,NC,27406,,,No_Match
410556,5700 Drake Road,Greensboro,NC,27406,35.95130719118,-79.8546577365,Match
410595,409 Friendway Road,Greensboro,NC,27410,36.084309488619,-79.904740621265,Match
410406,801 Ferndale Boulevard,High Point,NC,27262,35.957994240142,-80.019770464302,Match
410319,1920 McGuinn Drive,High Point,NC,27265,35.985716812857,-79.993016154459,Match
410562,4364 Barrow Road,High Point,NC,27265,36.047357188627,-79.989815884751,Match
410489,7101 Spencer Dixon Road,Greensboro,NC,27455,,,Tie
410569,402 Laurel Street,Greensboro,NC,27411,36.07756863852,-79.773580236743,Match
420380,100 College Drive,Weldon,NC,27890,36.430857683834,-77.61970080533,Match
430346,2911 Harnett Central Rd,Angier,NC,27501,35.460752442959,-78.784767148247,Match
430384,10637 NC Hwy 27 West,Lillington,NC,27546,,,Tie
430345,900 11th Street,Lillington,NC,27546,35.398995673723,-78.821779838881,Match
430378,215 Maynard Lake Road,Erwin,NC,28339,35.336653996838,-78.667321736778,Match
430371,2495 Ray Road,Spring Lake,NC,28390,35.248648839276,-78.966682751203,Match
430341,910 W. Harnett Street,Dunn,NC,28334,35.314897416144,-78.617399169741,Match
440378,1 Black Bear Drive,Canton,NC,28716,35.523174709274,-82.841499482046,Match
440390,564 Tuscola School Rd,Waynesville,NC,28786,35.52323043109,-82.952114368227,Match
440326,62 Joy Lane,Waynesville,NC,28786,35.485847745211,-82.992159696308,Match
440346,185 Freedlander Drive,Clyde,NC,28721,35.525391352776,-82.928311242922,Match
450341,35 Fruitland Road,Hendersonville,NC,28792,35.360739713027,-82.420206856311,Match
450316,150 Eagle Pride Drive,East Flat Rock,NC,28726,,,No_Match
450352,3600 Haywood Road,Hendersonville,NC,28791,35.362439542238,-82.51614945493,Match
450334,1 Bearcat Boulevard,Hendersonville,NC,28791,35.321294584077,-82.475690310229,Match
450343,300 East Campus Drive,Flat Rock,NC,28731,35.307110315214,-82.416447587316,Match
450354,300 East Campus Drive,Flat Rock,NC,28731,35.307110315214,-82.416447587316,Match
460320,1500 W First St,Ahoskie,NC,27910,36.295115702874,-76.999192444735,Match
460322,109 Community College Rd,Ahoskie,NC,27910,,,No_Match
460340,102 CSB Dr,Winton,NC,27986,,,No_Match
181322,1234 3rd Street NE,Hickory,NC,28601,35.74944781507,-81.333025263967,Match
470312,505 S Bethel Road,Raeford,NC,28376,34.973382821369,-79.234217047408,Match
470443,1110 East Central Avenue,Raeford,NC,28376,34.978264107034,-79.211199090642,Match
480318,1430 Main Street,Swan Quarter,NC,27885,35.422185884926,-76.3160660972,Match
490346,156 Raider Road,Olin,NC,28660,35.927465715264,-80.869700610271,Match
490362,299 Old Mountain Rd,Statesville,NC,28677,35.716823730412,-80.907215021425,Match
490380,213 Warrior Dr,Statesville,NC,28625,35.789702604171,-80.991138402911,Match
490354,474 N Center St,Statesville,NC,28677,35.791264984939,-80.89218175934,Match
490335,186 Doolie Road,Mooresville,NC,28117,35.596478837738,-80.898803858791,Match
490310,350 Old Murdock Rd,Troutman,NC,28166,35.71415061191,-80.88920122153,Match
490307,158 Raider Rd,Olin,NC,28660,35.927453263336,-80.869762439282,Match
500340,100 Smoky Mountain Drive,Sylva,NC,28779,35.35454968148,-83.199876148272,Match
500324,3770 Skyland Drive,Sylva,NC,28779,35.40441731262,-83.164054610872,Match
500302,95 Bobcat Dr,Cashiers,NC,28717,35.129852925375,-83.120435044386,Match
500323,404 College Drive,Sylva,NC,28779,35.347041225934,-83.204037600964,Match
510324,600 S Fayetteville St,Clayton,NC,27520,35.649594361018,-78.464616663186,Match
510368,5915 US Hwy 301 N,Kenly,NC,27542,,,No_Match
510399,700 M. Durwood Stephenson Park,Smithfield,NC,27577,,,No_Match
510402,10381 US Hwy 301 S,Four Oaks,NC,27524,35.41244284427,-78.502023545372,Match
510406,5935 Raleigh Road,Benson,NC,27504,35.524485920199,-78.542191046731,Match
510367,245 College Rd,Smithfield,NC,27577,,,No_Match
510327,1892 Polenta Rd,Clayton,NC,27520,35.551516254595,-78.499829518988,Match
510333,6875 Applewhite Rd,Wendell,NC,27591,35.728452312369,-78.333771704567,Match
510323,211 East Rose Street,Smithfield,NC,27577,35.505063465483,-78.351230180494,Match
520344,1378 Hwy 58 South,Trenton,NC,28585,,,No_Match
132304,415 Martin Luther King Jr Ave,Kannapolis,NC,28083,,,No_Match
530336,1708 Nash Street,Sanford,NC,27330,35.468176470323,-79.146939081813,Match
530306,504 Bragg Street,Sanford,NC,27330,35.481242738479,-79.160272050455,Match
530343,2301 Tramway Road,Sanford,NC,27332,35.438654842481,-79.18686631123,Match
530335,1105 Kelly Drive,Sanford,NC,27330,35.469904894684,-79.144378759363,Match
540315,2601 N Queen St,Kinston,NC,28501,35.295379544166,-77.577876105743,Match
540324,2400 Institute Road,La Grange,NC,28551,35.340994447277,-77.675982811268,Match
540336,3355 Old Hwy 11 South,Deep Run,NC,28525,35.145927016309,-77.705084923241,Match
540317,231 Hwy 58 South,Kinston,NC,28502,,,No_Match
291336,26 Penry Street,Lexington,NC,27292,35.832550112466,-80.25016851076,Match
550320,6471 Hwy 73,Denver,NC,28037,,,No_Match
550332,803 N Aspen St,Lincolnton,NC,28092,35.478981374454,-81.259016284293,Match
550368,172 Shoal Rd,Lincolnton,NC,28092,35.485011026631,-81.387677534517,Match
550308,221 Salem Church Road,Lincolnton,NC,28092,35.477342059924,-81.208580193372,Match
550344,2737 Lee Lawing Road,Lincolnton,NC,28092,35.533141968292,-81.114907760326,Match
560320,100 Panther Drive,Franklin,NC,28734,35.176612883232,-83.380058166101,Match
560329,77 Siler Farm Road,Franklin,NC,28734,35.159964873414,-83.380975724818,Match
570318,5740 US Hwy 25-70,Marshall,NC,28753,,,No_Match
570317,5734 US 25/70 Hwy,Marshall,NC,28753,,,No_Match
570321,5740 US Hwy 25/70,Marshall,NC,28753,,,No_Match
590330,600 McDowell High School Dr,Marion,NC,28752,35.695981179303,-82.034960901528,Match
590328,54 College Drive,Marion,NC,28752,35.655077688649,-81.961547748009,Match
590326,54 College Drive,Marion,NC,28752,35.655077688649,-81.961547748009,Match
600439,8701 Moores Chapel Rd,Charlotte,NC,28214,35.27494910607,-80.950348002613,Match
600341,6200 Starhaven Dr,Charlotte,NC,28215,35.247790988985,-80.751389548709,Match
600377,6800 Monroe Rd,Charlotte,NC,28212,35.176085108554,-80.756638632306,Match
600405,2001 Alleghany St,Charlotte,NC,28208,35.238086536549,-80.901586915494,Match
600426,1967 Patriot Dr,Charlotte,NC,28227,35.197490798977,-80.685848779771,Match
600466,2400 Colony Rd,Charlotte,NC,28209,35.17305622967,-80.831921392825,Match
600480,11201 Old Statesville Rd,Huntersville,NC,28078,35.372177143805,-80.832694043261,Match
600482,1415 Beatties Ford Rd,Charlotte,NC,28216,35.256330077888,-80.855759742561,Match
600490,4301 Sandy Porter Rd,Charlotte,NC,28273,35.157868169195,-80.950911389602,Match
600535,8900 Park Rd,Charlotte,NC,28210,35.110266146248,-80.858129852007,Match
600576,2219 Senior Dr,Charlotte,NC,28216,35.264873519074,-80.857269029771,Match
600579,7400 Tuckaseegee Rd,Charlotte,NC,28214,35.246777482378,-80.9509759856,Match
600508,1800 Pineville-Matthews Rd,Charlotte,NC,28270,35.110173396802,-80.761715863633,Match
600386,1411 Hawthorne Ln,Charlotte,NC,28205,35.228869673582,-80.812344575638,Match
600592,7600 IBM Dr,Charlotte,NC,28262,35.303358400729,-80.771543016866,Match
600415,11530 Beatties Ford Rd,Huntersville,NC,28078,35.377117536617,-80.910891640118,Match
600496,1430 Alleghany St,Charlotte,NC,28208,35.238454594484,-80.893046496227,Match
600445,3825 Johnston Oehler Rd,Charlotte,NC,28269,35.365846531008,-80.770288418355,Match
600302,10220 Ardrey Kell Road,Charlotte,NC,28277,35.027744241311,-80.829997340999,Match
600334,8120 Grier Rd,Charlotte,NC,28215,35.266509189387,-80.730385387182,Match
600364,"1411 Hawthorne Lane, Ste A",Charlotte,NC,28205,35.228869673582,-80.812344575638,Match
600457,10505 Clear Creek Commerce Dr,Mint Hill,NC,28227,35.213364540559,-80.638036221497,Match
600312,12420 Bailey Rd,Cornelius,NC,28031,35.469415801245,-80.831823584402,Match
600397,1100 Eastway Dr,Charlotte,NC,28205,35.241209075969,-80.779158864358,Match
600404,315 W Hebron St,Charlotte,NC,28273,35.129276303166,-80.893743516063,Match
600567,9000 Robert Snyder Rd,Charlotte,NC,28262,35.309468426142,-80.744635163868,Match
600443,2800 Campus Ridge Rd,Matthews,NC,28105,35.104329516052,-80.692531210979,Match
600582,2400 Carmine St,Charlotte,NC,28206,35.266779687645,-80.840478767367,Match
600569,9000 Robert D. Snyder Rd,Charlotte,NC,28262,35.309468426142,-80.744635163868,Match
600594,12010 Verhoeff Dr,Huntersville,NC,28078,,,No_Match
610334,416 Ledger School Rd,Bakersville,NC,28705,35.96945084454,-82.117778400258,Match
620310,310 S Main,Troy,NC,27371,35.357051870827,-79.893829679403,Match
620350,1011 Page St,Troy,NC,27371,35.365793130801,-79.871988915137,Match
620356,770 Timberwolf Drive,Troy,NC,27371,,,No_Match
630332,1504 North Moore Rd,Robbins,NC,27325,,,No_Match
630336,250 Voit Gilmore Lane,Southern Pines,NC,28387,,,No_Match
630360,1981 Union Church Rd,Cameron,NC,28326,35.311455783455,-79.342949510418,Match
491305,574 W McLelland Ave,Mooresville,NC,28115,35.587201865649,-80.822783035768,Match
491312,659 E Center Ave,Mooresville,NC,28115,35.578759878088,-80.801965185683,Match
862312,1011 N South St,Mount Airy,NC,27030,36.511355420218,-80.6152107371,Match
640361,1400 Bethlehem Road,Rocky Mount,NC,27803,35.93726632155,-77.836189322622,Match
640340,906 Hammond Street,Rocky Mount,NC,27804,35.940892656266,-77.808157911037,Match
640350,4230 Green Hills Road,Rocky Mount,NC,27804,35.996004240489,-77.892359426382,Match
640364,6446 Southern Nash High Road,Bailey,NC,27807,35.849127906347,-78.085874727588,Match
640346,4279 Nash Central High Road,Rocky Mount,NC,27804,,,No_Match
250340,101 Webb Boulevard,Havelock,NC,28532,34.882384637233,-76.895000892029,Match
250356,4200 Academic Drive,New Bern,NC,28562,35.098231810847,-77.119167085744,Match
250372,2600 Streets Ferry Road,Vanceboro,NC,28586,35.237462497351,-77.135391490993,Match
250314,800 College Court,New Bern,NC,28562,35.110437643933,-77.101288279413,Match
250321,104 Middle School Lane,Havelock,NC,28532,,,No_Match
650326,2700 N College Rd,Wilmington,NC,28405,34.295671057759,-77.87389308696,Match
650342,4305 Shipyard Blvd,Wilmington,NC,28403,,,No_Match
650352,1307 Market St,Wilmington,NC,28401,34.236746067573,-77.932766127484,Match
650327,555 Halyburton Memorial Parkwy,Wilmington,NC,28412,34.100737268098,-77.903958314055,Match
650340,630 MacMillan Avenue,Wilmington,NC,28403,34.22133373684,-77.881677616798,Match
650394,4500 Blue Clay Rd,Castle Hayne,NC,28429,,,No_Match
182316,338 W 15th Street,Newton,NC,28658,35.677495251422,-81.223746563324,Match
660336,152 Hurricane Drive,Gaston,NC,27832,36.510272435508,-77.652288158288,Match
670320,160 Dixon School Rd,Holly Ridge,NC,28445,34.585505486675,-77.480348207726,Match
670324,1021 Henderson Dr,Jacksonville,NC,28540,34.780632358684,-77.425833716899,Match
670340,8100 Richlands Hwy,Richlands,NC,28574,34.891683102734,-77.547545365991,Match
670344,1420 Burgaw Hwy,Jacksonville,NC,28540,34.747961043224,-77.481710021086,Match
670352,161 Queens Creek Rd,Swansboro,NC,28584,34.699687493876,-77.158766743348,Match
670364,1001 Piney Green Rd,Jacksonville,NC,28546,34.767885780421,-77.348483602515,Match
670333,365 Commons Drive South,Jacksonville,NC,28546,34.790272497449,-77.390089754518,Match
670300,444 Western Blvd,Jacksonville,NC,28546,34.773524657061,-77.388212371989,Match
680332,500 Orange High Rd,Hillsborough,NC,27278,36.092184421026,-79.093044183037,Match
680310,1125 New Grady Brown Sch Rd,Hillsborough,NC,27278,36.052568834931,-79.126902235262,Match
680335,920 Corporate Drive,Hillsborough,NC,27278,36.063077458679,-79.080498491048,Match
690320,601 Main Street,Bayboro,NC,28515,35.145670552474,-76.813726856883,Match
700317,963 Oak Stump Rd,Elizabeth City,NC,27909,36.28651544883,-76.253661892569,Match
700310,1004 Parkview Drive,Elizabeth City,NC,27909,36.285261498702,-76.212824571151,Match
700319,1064 Northside Road,Elizabeth City,NC,27909,36.361911286765,-76.273813657999,Match
700325,1208 N Road St,Elizabeth City,NC,27909,36.325816697775,-76.223016309162,Match
710326,5380 NC Hwy 53 W,Burgaw,NC,28425,34.543613273969,-78.012543297648,Match
710342,245 St. Johns Church Road,Hampstead,NC,28443,34.392676545542,-77.683930997761,Match
710321,14328 NC Hwy 210,Rocky Point,NC,28457,34.434054039195,-77.890413547491,Match
710327,100 East Industrial Drive,Burgaw,NC,28425,34.542892430453,-77.921317960755,Match
720316,305 Edenton Road St,Hertford,NC,27944,36.18570901277,-76.474971846828,Match
730352,1010 Ridge Rd,Roxboro,NC,27573,36.410342401194,-78.983079681793,Match
750318,1681 East NC 108 Hwy,Columbus,NC,28722,,,No_Match
750317,1545 East NC 108 Hwy,Columbus,NC,28722,35.239735018546,-82.222197576408,Match
760318,390 Eastern Randolph Rd,Ramseur,NC,27316,35.755991197517,-79.61876439939,Match
760348,4396 Tigers Den Rd,Randleman,NC,27317,35.825346661327,-79.823725581611,Match
760358,1641 Hopewell Friends Rd,Asheboro,NC,27205,35.626898657339,-79.868920337376,Match
760380,5746 Trinity High Drive,Trinity,NC,27370,35.893391110369,-79.997991199754,Match
760382,1463 Pleasant Union Road,Trinity,NC,27370,35.716605606222,-79.991067647774,Match
760354,629 Industrial Park Avenue,Asheboro,NC,27205,35.673902978383,-79.829791657245,Match
760339,5555 Mack Lineberry Rd,Climax,NC,27233,35.848377810532,-79.711700461743,Match
760388,3678 Finch Farm Rd,Trinity,NC,27370,35.837614361894,-80.015694766347,Match
770342,377 Mizpah Road,Rockingham,NC,28379,34.897632225773,-79.78527228261,Match
770348,838 US 1 North,Rockingham,NC,28379,34.954458553916,-79.716154240662,Match
770349,1042 W Hamlet Ave,Hamlet,NC,28345,34.901335848807,-79.710358762363,Match
421316,800 Hamilton Street,Roanoke Rapids,NC,27870,,,No_Match
421336,844 Hamilton St,Roanoke Rapids,NC,27870,36.458305358614,-77.654617822491,Match
780420,11344 Deep Branch Road,Pembroke,NC,28372,,,No_Match
780325,5419 Old Stage Road,Fairmont,NC,28340,34.47702495485,-79.098814698632,Match
780342,3901 Fayetteville Rd,Lumberton,NC,28358,34.646557506685,-78.999971622991,Match
780391,509 N Vance Street,Red Springs,NC,28377,34.823823509229,-79.184887488897,Match
780401,648 North Old Stage Rd,Saint Pauls,NC,28384,34.814693164765,-78.977746067928,Match
780385,5170 Fayetteville Road,Lumberton,NC,28360,34.667165543447,-79.003244165309,Match
790354,134 N Pierce St,Eden,NC,27288,36.503371919225,-79.736475537169,Match
790366,1901 S Park Dr,Reidsville,NC,27320,36.331358901203,-79.675872753619,Match
790378,180 High School Rd,Reidsville,NC,27320,36.387175681716,-79.742593969883,Match
790314,6845 Hwy 135,Mayodan,NC,27027,,,No_Match
790379,215 Wrenn Memorial Road,Wentworth,NC,27375,,,No_Match
800340,175 St Luke's Church Rd,Salisbury,NC,28146,35.594588617687,-80.4242654782,Match
800376,300 North Whitehead Ave,Spencer,NC,28159,35.695786494153,-80.42714769695,Match
800400,1655 Patterson St,China Grove,NC,28023,35.574414367279,-80.609826389783,Match
800408,8050 NC 801 Hwy,Mount Ulla,NC,28125,35.699566156145,-80.642179281929,Match
800396,500 Lincolnton Rd,Salisbury,NC,28144,35.663732385164,-80.482410453242,Match
800394,1333 Jake Alexander Blvd S,Salisbury,NC,28146,35.641603801291,-80.477952677832,Match
810324,1603 Chase High Rd,Forest City,NC,28043,35.251422484041,-81.84483791526,Match
810340,331 East High Rd,Bostic,NC,28018,35.340653943191,-81.819377383391,Match
810384,641 Hwy 221 North,Rutherfordton,NC,28139,35.39526057793,-81.962297535153,Match
810386,140 Old Caroleen Road,Forest City,NC,28043,35.329784680799,-81.85645492352,Match
810385,286 ICC Loop Road,Spindale,NC,28160,,,No_Match
820348,12201 Hobbton Hwy,Newton Grove,NC,28366,35.17823608529,-78.32819598819,Match
820349,245 Lakewood School Rd,Salemburg,NC,28385,34.98953401206,-78.501978491552,Match
820352,15274 Spiveys Corner Highway,Newton Grove,NC,28366,35.173773161337,-78.477248868778,Match
820388,1189 Kader Merritt Road,Rose Hill,NC,28458,34.808588385375,-78.240700134599,Match
820324,1801 Sunset Ave,Clinton,NC,28329,34.99165611344,-78.358475442225,Match
830316,18700 Old Wire Road,Laurinburg,NC,28352,34.858371974537,-79.423492753853,Match
830348,615 W. Covington Street,Laurinburg,NC,28352,34.773020770574,-79.469903100225,Match
830343,1000 West Church St,Laurinburg,NC,28352,34.775634773891,-79.473765514653,Match
840302,311 Park Ridge Road,Albemarle,NC,28001,35.370256798027,-80.193385860716,Match
840332,40206 US Hwy 52 N,New London,NC,28127,35.42818131569,-80.214183953473,Match
840356,40488 S Stanly School Rd,Norwood,NC,28128,35.232887506742,-80.164511904748,Match
840368,306 East Red Cross Road,Oakboro,NC,28129,35.269011652373,-80.347251813004,Match
840361,141 College Drive,Albemarle,NC,28001,35.337382118098,-80.233921664864,Match
840370,1121 Austin St,Albemarle,NC,28001,35.361929707842,-80.209623006105,Match
840362,311 Park Ridge Road,Albemarle,NC,28001,35.370256798027,-80.193385860716,Match
850332,1350 N Stokes Sch Rd,Danbury,NC,27016,36.462903682953,-80.280420275998,Match
850352,1100 S Stokes High Drive,Walnut Cove,NC,27052,36.326047798841,-80.238792811854,Match
850358,1400 Priddy Road,King,NC,27021,36.312127573878,-80.372348257846,Match
850360,1165 Dodgetown Rd,Walnut Cove,NC,27052,36.373464859521,-80.181143477924,Match
860316,801 W Main Street,Pilot Mountain,NC,27041,36.392258858069,-80.476591572353,Match
860336,2440 W Pine Street,Mount Airy,NC,27030,36.504021608189,-80.673454229206,Match
860352,716 South Main Street,Dobson,NC,27017,36.382728006061,-80.714303010718,Match
870314,1415 Fontana Road,Bryson City,NC,28713,35.444303312528,-83.455362281644,Match
292324,410 Unity Street,Thomasville,NC,27360,35.898600793205,-80.080337118638,Match
880308,609 N. Country Club Rd,Brevard,NC,28712,35.219413741088,-82.735362825248,Match
880328,749 Pickens Hwy,Rosman,NC,28772,35.144227378565,-82.821490087017,Match
880320,970 Ecusta Rd,Brevard,NC,28712,35.259987682054,-82.705425814356,Match
900365,500 South Providence Street,Waxhaw,NC,28173,34.922227997177,-80.741502609482,Match
900336,1501 East Sunset Drive,Monroe,NC,28112,34.972090388316,-80.524715720439,Match
900316,701 Old Hwy 74,Marshville,NC,28103,34.972176652818,-80.420531855576,Match
900344,3220 Parkwood School Rd,Monroe,NC,28112,34.899930794578,-80.628487209561,Match
900348,3006 Sikes Mill Road,Monroe,NC,28110,35.094683032318,-80.49300069679,Match
900360,5211 Old Charlotte Hwy,Monroe,NC,28110,35.046188458908,-80.643482873839,Match
900366,600 Brewer Dr,Monroe,NC,28112,34.969693537713,-80.567368859123,Match
900377,4901 Monroe-Weddington Road,Matthews,NC,28104,,,No_Match
900342,2839 Ridge Road,Indian Trail,NC,28079,35.089769461615,-80.567829113324,Match
900393,2825 Crane Road,Waxhaw,NC,28173,34.974293004867,-80.797141564654,Match
900367,4209A Old Charlotte Hwy,Monroe,NC,28110,35.032486395104,-80.620395353436,Match
900311,1400 Cuthbertson Rd,Waxhaw,NC,28173,34.977328656908,-80.733699873426,Match
910370,925 Garrett Road,Henderson,NC,27537,36.300870706255,-78.372723781329,Match
910368,219 Charles Street,Henderson,NC,27536,36.326701381183,-78.399162694434,Match
910382,200 Community College Rd,Henderson,NC,27537,,,No_Match
920473,8410 Pride Way,Raleigh,NC,27613,,,No_Match
920316,1501 Laura Duncan Road,Apex,NC,27502,35.744645419905,-78.836476474082,Match
920318,1420 Athens Drive,Raleigh,NC,27606,35.770130122548,-78.711325805262,Match
920348,723 Saint Marys St,Raleigh,NC,27605,35.791884085573,-78.652357696089,Match
920368,638 Walnut St,Cary,NC,27511,35.773804655571,-78.766207107802,Match
920411,5101 Rolesville Rd,Wendell,NC,27591,35.812785214165,-78.42704626455,Match
920428,201 Bengal Blvd,Fuquay-Varina,NC,27526,35.596697060029,-78.795166779816,Match
920436,2101 Spring Drive,Garner,NC,27529,35.711895223694,-78.634859080035,Match
920500,2201 Spring Forest Rd,Raleigh,NC,27615,35.864410781589,-78.604351649968,Match
920552,5500 Dixon Drive,Raleigh,NC,27609,,,No_Match
920588,420 West Stadium Drive,Wake Forest,NC,27587,35.983549646105,-78.516544254902,Match
920528,1923 Milburnie Rd,Raleigh,NC,27610,35.787365352251,-78.615730262164,Match
920324,318 N King Charles Rd,Raleigh,NC,27610,35.785560546446,-78.611236976498,Match
920562,2600 Rock Quarry Road,Raleigh,NC,27610,35.747417037315,-78.603905073113,Match
920441,2500 Carpenter Upchurch Road,Cary,NC,27519,35.803167366928,-78.869841740503,Match
920595,2200 Wakefield Pines Drive,Raleigh,NC,27614,35.949366123213,-78.569578848831,Match
920495,123 Middle Creek Park Avenue,Apex,NC,27539,35.669649945489,-78.761241596314,Match
920466,100 Bryan Chalk Lane,Knightdale,NC,27545,35.807956144374,-78.472566194118,Match
920526,6770 McCrimmon Parkway,Cary,NC,27519,35.827744400705,-78.888501151237,Match
920455,5329 Cass Holt Road,Holly Springs,NC,27540,35.63137093201,-78.851772686399,Match
920583,2901 Holston Lane,Raleigh,NC,27610,35.784400020712,-78.584868325307,Match
920582,2205 Walnut Street,Cary,NC,27518,35.755763332557,-78.741369613575,Match
920445,1150 Forestville Road,Wake Forest,NC,27587,,,No_Match
920586,303 Ashe Avenue,Raleigh,NC,27606,35.779412233149,-78.661698108394,Match
920585,567 East Hargett St,Raleigh,NC,27601,35.778022326493,-78.629773062347,Match
920546,1099 East Young St,Rolesville,NC,27571,,,No_Match
920581,2200 S Wilmington St,Raleigh,NC,27603,35.751917951937,-78.642498806081,Match
920317,7801 Humie Olive Rd,Apex,NC,27502,35.702452407498,-78.909111562138,Match
920386,5651 Dillard Dr,Cary,NC,27518,35.755145715601,-78.737635661891,Match
920518,931 Durham Rd,Wake Forest,NC,27587,,,No_Match
920556,5651 Dillard Dr,Cary,NC,27518,35.755145715601,-78.737635661891,Match
920561,8228 Hebron Church Rd,Garner,NC,27529,35.657525777082,-78.577661075493,Match
920437,7600 Roberts Rd,Cary,NC,27519,35.770713207085,-78.898060702616,Match
930352,149 Campus Drive,Warrenton,NC,27589,36.432644655569,-78.167748128735,Match
930360,210 Ridgeway St,Warrenton,NC,27589,36.402478708211,-78.155078259926,Match
940316,3177 US Hwy 64 East,Plymouth,NC,27962,35.87196026304,-76.691396222659,Match
950336,300 Go Pioneers Drive,Boone,NC,28607,36.219358818594,-81.651542236023,Match
950338,300 Go Pioneers Drive,Boone,NC,28607,36.219358818594,-81.651542236023,Match
960335,700 N. Herman St.,Goldsboro,NC,27530,35.385962579922,-77.981207694355,Match
960324,5460 US 117 North,Pikeville,NC,27863,35.51116979706,-77.981355736274,Match
960330,1135 New Hope Road,Goldsboro,NC,27534,35.374418447464,-77.878724940795,Match
960372,900 Rosewood Road,Goldsboro,NC,27530,35.414769926699,-78.075625977305,Match
960380,124 Walter Fulcher Rd,Dudley,NC,28333,35.254744959098,-78.045760994681,Match
960386,4340 Indian Springs Rd,Seven Springs,NC,28578,35.228353781836,-77.899168152138,Match
960490,3000 Wayne Memorial Drive,Goldsboro,NC,27534,35.399340301793,-77.95797145735,Match
960700,801 N. Lionel St,Goldsboro,NC,27530,35.387722186964,-77.982363640527,Match
422310,100 College Dr,Weldon,NC,27890,36.430857683834,-77.61970080533,Match
241316,413 N Lee Street,Whiteville,NC,28472,34.334207244089,-78.7061585826,Match
241312,310 S Martin Luther King Jr Av,Whiteville,NC,28472,34.327146088741,-78.709455285527,Match
970320,13315 Elkin Hwy 268,Ronda,NC,28670,36.229651808064,-80.923693679969,Match
970356,2986 Traphill Rd,Hays,NC,28635,36.282737619427,-81.100325925973,Match
970388,6598 Boone Trail,Millers Creek,NC,28651,36.183694582235,-81.260196553483,Match
970390,1179 Moravian Falls Rd,Wilkesboro,NC,28697,36.109998652039,-81.180379736157,Match
970393,1328 S Collegiate Dr,Wilkesboro,NC,28697,36.135253648995,-81.181980622937,Match
980318,4510 Old Stantonsburg Rd,Wilson,NC,27893,35.662218270824,-77.875432145973,Match
980336,500 Harrison Dr N,Wilson,NC,27893,35.75378982784,-77.924351812267,Match
980342,4559 Lamm Rd,Wilson,NC,27893,35.722655657201,-77.995160259312,Match
980398,902 Herring St,Wilson,NC,27893,35.731166585927,-77.894720766545,Match
980397,4809 Ward Blvd,Wilson,NC,27893,35.723530791214,-77.894340309529,Match
990322,1525 Falcon Road,East Bend,NC,27018,36.142344207762,-80.554890770608,Match
990326,2516 Longtown Rd,Boonville,NC,27011,36.182339520778,-80.774138710814,Match
990332,1001 College Drive,Yadkinville,NC,27055,,,No_Match
995330,333 Mtn Heritage HS Road,Burnsville,NC,28714,,,No_Match
